Entity,Code,Year,"Outbound mobility ratio, all regions, both sexes (%)"
Afghanistan,AFG,2003,9.78964
Afghanistan,AFG,2004,9.53289
Afghanistan,AFG,2009,5.68217
Afghanistan,AFG,2011,9.62109
Afghanistan,AFG,2014,7.46427
Afghanistan,AFG,2018,8.2774
Afghanistan,AFG,2020,7.42498
Albania,ALB,1998,13.12183
Albania,ALB,1999,12.46688
Albania,ALB,2000,14.17677
Albania,ALB,2001,17.27593
Albania,ALB,2002,19.2721
Albania,ALB,2003,25.30976
Albania,ALB,2004,25.25432
Albania,ALB,2005,23.75081
Albania,ALB,2006,23.36722
Albania,ALB,2007,22.96947
Albania,ALB,2008,23.28761
Albania,ALB,2009,24.2257
Albania,ALB,2010,19.25969
Albania,ALB,2011,18.77363
Albania,ALB,2012,15.16403
Albania,ALB,2013,12.72776
Albania,ALB,2014,11.75453
Albania,ALB,2015,11.98914
Albania,ALB,2016,11.82632
Albania,ALB,2017,12.55423
Albania,ALB,2018,14.23028
Albania,ALB,2019,7.97883
Albania,ALB,2020,8.95689
Albania,ALB,2021,11.40591
Algeria,DZA,1999,3.79811
Algeria,DZA,2001,2.79141
Algeria,DZA,2002,2.73496
Algeria,DZA,2003,3.09714
Algeria,DZA,2004,3.43163
Algeria,DZA,2005,3.12098
Algeria,DZA,2006,3.06078
Algeria,DZA,2007,2.56062
Algeria,DZA,2009,1.96083
Algeria,DZA,2010,1.99776
Algeria,DZA,2011,2.01941
Algeria,DZA,2012,2.05034
Algeria,DZA,2013,1.68494
Algeria,DZA,2014,1.66148
Algeria,DZA,2015,1.58754
Algeria,DZA,2016,1.5216
Algeria,DZA,2017,1.66325
Algeria,DZA,2018,1.8648
Algeria,DZA,2019,1.98343
Algeria,DZA,2020,2.02204
Algeria,DZA,2021,2.10495
Andorra,AND,2002,272.191
Andorra,AND,2003,296.66394
Andorra,AND,2004,372.91037
Andorra,AND,2005,320.70905
Andorra,AND,2006,80.38159
Andorra,AND,2008,265.17224
Andorra,AND,2012,274.31857
Andorra,AND,2013,228.57713
Andorra,AND,2014,285.535
Andorra,AND,2015,269.601
Andorra,AND,2016,257.64932
Andorra,AND,2017,246.82637
Andorra,AND,2018,245.04723
Andorra,AND,2019,236.5945
Andorra,AND,2020,247.6503
Andorra,AND,2021,253.7573
Angola,AGO,1998,74.05542
Angola,AGO,1999,80.61185
Angola,AGO,2002,56.49329
Angola,AGO,2003,16.30416
Angola,AGO,2004,21.52915
Angola,AGO,2005,18.92657
Angola,AGO,2006,19.47502
Angola,AGO,2011,6.91224
Angola,AGO,2013,4.82149
Angola,AGO,2015,6.15966
Angola,AGO,2016,6.15343
Anguilla,AIA,2003,678.5714
Anguilla,AIA,2004,456.4626
Anguilla,AIA,2005,302.684
Anguilla,AIA,2006,175.97601
Anguilla,AIA,2007,136.16988
Anguilla,AIA,2008,192.3236
Antigua and Barbuda,ATG,2009,67.14566
Antigua and Barbuda,ATG,2010,56.1787
Antigua and Barbuda,ATG,2011,60.51321
Antigua and Barbuda,ATG,2012,33.05086
Argentina,ARG,1998,0.37753
Argentina,ARG,1999,0.36905
Argentina,ARG,2000,0.38415
Argentina,ARG,2001,0.36085
Argentina,ARG,2002,0.36721
Argentina,ARG,2003,0.42519
Argentina,ARG,2004,0.37316
Argentina,ARG,2005,0.39378
Argentina,ARG,2006,0.37936
Argentina,ARG,2007,0.38224
Argentina,ARG,2008,0.41989
Argentina,ARG,2009,0.39263
Argentina,ARG,2010,0.3988
Argentina,ARG,2011,0.35878
Argentina,ARG,2012,0.30648
Argentina,ARG,2013,0.27019
Argentina,ARG,2014,0.25412
Argentina,ARG,2015,0.25419
Argentina,ARG,2016,0.24778
Argentina,ARG,2017,0.2678
Argentina,ARG,2018,0.26722
Argentina,ARG,2019,0.27599
Argentina,ARG,2020,0.2873
Argentina,ARG,2021,0.27002
Armenia,ARM,1998,2.4669
Armenia,ARM,1999,2.29141
Armenia,ARM,2000,2.28719
Armenia,ARM,2001,2.83472
Armenia,ARM,2002,2.3478
Armenia,ARM,2003,3.0344
Armenia,ARM,2004,2.67151
Armenia,ARM,2005,2.99044
Armenia,ARM,2006,3.00886
Armenia,ARM,2007,2.92896
Armenia,ARM,2008,3.82717
Armenia,ARM,2009,3.78799
Armenia,ARM,2010,4.36077
Armenia,ARM,2011,4.97677
Armenia,ARM,2012,5.86576
Armenia,ARM,2013,6.2037
Armenia,ARM,2014,6.62658
Armenia,ARM,2015,7.17581
Armenia,ARM,2016,7.23323
Armenia,ARM,2017,5.61905
Armenia,ARM,2018,6.37907
Armenia,ARM,2019,6.99551
Armenia,ARM,2020,7.43016
Armenia,ARM,2021,7.06857
Aruba,ABW,1999,8.71369
Aruba,ABW,2000,10.58302
Aruba,ABW,2001,9.42875
Aruba,ABW,2002,20.85427
Aruba,ABW,2003,9.44976
Aruba,ABW,2004,15.25822
Aruba,ABW,2005,7.4197
Aruba,ABW,2006,7.8628
Aruba,ABW,2007,7.48366
Aruba,ABW,2008,5.96596
Aruba,ABW,2009,9.36345
Aruba,ABW,2010,20.01942
Aruba,ABW,2011,7.46606
Aruba,ABW,2012,7.76223
Aruba,ABW,2013,19.30107
Aruba,ABW,2014,17.51245
Aruba,ABW,2015,19.04453
Aruba,ABW,2016,20.038
Australia,AUS,2015,0.63797
Australia,AUS,2016,0.66985
Australia,AUS,2017,0.76418
Australia,AUS,2018,0.79555
Australia,AUS,2019,0.74194
Australia,AUS,2020,0.77826
Australia,AUS,2021,0.73259
Austria,AUT,1998,5.2857
Austria,AUT,2007,4.30919
Austria,AUT,2008,4.09803
Austria,AUT,2009,4.06982
Austria,AUT,2010,3.74068
Austria,AUT,2011,3.73526
Austria,AUT,2012,3.75203
Austria,AUT,2013,3.73372
Austria,AUT,2014,3.91259
Austria,AUT,2015,4.06529
Austria,AUT,2016,4.1931
Austria,AUT,2017,4.46295
Austria,AUT,2018,4.99983
Austria,AUT,2019,5.22541
Austria,AUT,2020,5.68501
Austria,AUT,2021,5.78846
Azerbaijan,AZE,2006,2.63526
Azerbaijan,AZE,2007,2.80635
Azerbaijan,AZE,2008,4.16073
Azerbaijan,AZE,2009,5.68523
Azerbaijan,AZE,2010,7.97667
Azerbaijan,AZE,2011,10.55371
Azerbaijan,AZE,2012,9.08021
Azerbaijan,AZE,2013,11.89331
Azerbaijan,AZE,2014,16.6996
Azerbaijan,AZE,2015,19.57787
Azerbaijan,AZE,2016,21.26393
Azerbaijan,AZE,2017,20.7532
Azerbaijan,AZE,2018,22.0258
Azerbaijan,AZE,2019,20.24554
Azerbaijan,AZE,2020,19.40824
Azerbaijan,AZE,2021,19.30764
Bahrain,BHR,1999,17.26104
Bahrain,BHR,2003,12.91922
Bahrain,BHR,2005,17.72616
Bahrain,BHR,2006,18.74691
Bahrain,BHR,2011,9.96487
Bahrain,BHR,2012,10.24671
Bahrain,BHR,2013,12.48373
Bahrain,BHR,2014,13.23271
Bahrain,BHR,2015,13.99286
Bahrain,BHR,2016,14.28842
Bahrain,BHR,2017,13.81323
Bahrain,BHR,2018,12.96032
Bahrain,BHR,2019,11.16157
Bahrain,BHR,2020,10.92506
Bahrain,BHR,2021,10.22113
Bangladesh,BGD,1999,1.13504
Bangladesh,BGD,2000,1.16548
Bangladesh,BGD,2001,1.13022
Bangladesh,BGD,2002,1.35329
Bangladesh,BGD,2003,1.7775
Bangladesh,BGD,2004,1.80062
Bangladesh,BGD,2005,1.62759
Bangladesh,BGD,2006,1.43514
Bangladesh,BGD,2007,1.44778
Bangladesh,BGD,2008,1.36169
Bangladesh,BGD,2009,1.25926
Bangladesh,BGD,2011,1.15394
Bangladesh,BGD,2012,1.13189
Bangladesh,BGD,2014,2.56548
Bangladesh,BGD,2016,2.30395
Bangladesh,BGD,2017,2.09709
Bangladesh,BGD,2018,1.59126
Bangladesh,BGD,2019,1.19959
Bangladesh,BGD,2020,1.40893
Barbados,BRB,1999,18.23572
Barbados,BRB,2000,16.5375
Barbados,BRB,2001,17.10084
Barbados,BRB,2007,13.31542
Barbados,BRB,2009,9.25816
Barbados,BRB,2010,9.61234
Barbados,BRB,2011,9.806
Belarus,BLR,1998,1.89124
Belarus,BLR,1999,1.79503
Belarus,BLR,2000,1.76224
Belarus,BLR,2001,1.57569
Belarus,BLR,2002,1.81416
Belarus,BLR,2003,1.4987
Belarus,BLR,2004,1.97461
Belarus,BLR,2005,1.98475
Belarus,BLR,2006,2.13816
Belarus,BLR,2007,2.52017
Belarus,BLR,2008,5.33903
Belarus,BLR,2009,5.03891
Belarus,BLR,2010,6.03982
Belarus,BLR,2011,6.88082
Belarus,BLR,2012,7.04912
Belarus,BLR,2013,6.78701
Belarus,BLR,2014,6.78191
Belarus,BLR,2015,6.05741
Belarus,BLR,2016,5.80333
Belarus,BLR,2017,5.35425
Belarus,BLR,2018,5.84396
Belarus,BLR,2019,6.17707
Belarus,BLR,2020,6.82214
Belarus,BLR,2021,7.71901
Belgium,BEL,1999,2.78492
Belgium,BEL,2000,2.88447
Belgium,BEL,2001,2.99831
Belgium,BEL,2002,2.98135
Belgium,BEL,2003,3.18056
Belgium,BEL,2004,2.63492
Belgium,BEL,2005,2.5944
Belgium,BEL,2006,2.5883
Belgium,BEL,2007,2.6408
Belgium,BEL,2008,2.50836
Belgium,BEL,2009,2.49491
Belgium,BEL,2010,2.56762
Belgium,BEL,2011,2.68182
Belgium,BEL,2012,2.80063
Belgium,BEL,2013,2.59094
Belgium,BEL,2014,2.60096
Belgium,BEL,2015,2.67773
Belgium,BEL,2016,2.78462
Belgium,BEL,2017,2.85312
Belgium,BEL,2018,3.07913
Belgium,BEL,2019,3.19288
Belgium,BEL,2020,3.29902
Belgium,BEL,2021,3.1801
Belize,BLZ,2001,17.9211
Belize,BLZ,2002,13.10499
Belize,BLZ,2003,16.57068
Belize,BLZ,2004,18.48477
Belize,BLZ,2005,17.69775
Belize,BLZ,2006,15.64151
Belize,BLZ,2007,13.75609
Belize,BLZ,2008,14.03037
Belize,BLZ,2009,12.05441
Belize,BLZ,2010,12.15168
Belize,BLZ,2011,11.62105
Belize,BLZ,2012,9.5554
Belize,BLZ,2013,9.7578
Belize,BLZ,2014,9.44467
Belize,BLZ,2015,9.34281
Belize,BLZ,2016,8.33375
Belize,BLZ,2017,8.63439
Belize,BLZ,2018,8.57965
Belize,BLZ,2019,8.80834
Belize,BLZ,2020,8.77703
Belize,BLZ,2021,9.35111
Benin,BEN,1999,19.51922
Benin,BEN,2000,17.32721
Benin,BEN,2001,14.4151
Benin,BEN,2002,12.64907
Benin,BEN,2003,12.7046
Benin,BEN,2004,12.50379
Benin,BEN,2005,12.69073
Benin,BEN,2006,11.44571
Benin,BEN,2007,9.05158
Benin,BEN,2008,8.91251
Benin,BEN,2009,5.9961
Benin,BEN,2010,4.43693
Benin,BEN,2011,4.63709
Benin,BEN,2012,4.07894
Benin,BEN,2013,3.62936
Benin,BEN,2014,3.93424
Benin,BEN,2015,4.84489
Benin,BEN,2016,5.34659
Benin,BEN,2017,5.8848
Benin,BEN,2018,5.76059
Benin,BEN,2019,6.45843
Benin,BEN,2020,6.75443
Bermuda,BMU,2006,88.42462
Bermuda,BMU,2007,117.16364
Bermuda,BMU,2008,115.14729
Bermuda,BMU,2009,87.94941
Bermuda,BMU,2010,94.72311
Bermuda,BMU,2011,95.45698
Bermuda,BMU,2012,114.21471
Bermuda,BMU,2013,133.09676
Bermuda,BMU,2014,146.84116
Bermuda,BMU,2015,175.21365
Bermuda,BMU,2017,242.8581
Bermuda,BMU,2018,224.7189
Bhutan,BTN,1999,65.24679
Bhutan,BTN,2005,29.55334
Bhutan,BTN,2006,30.81684
Bhutan,BTN,2007,32.63667
Bhutan,BTN,2008,30.86022
Bhutan,BTN,2009,38.68973
Bhutan,BTN,2010,39.68108
Bhutan,BTN,2011,34.65349
Bhutan,BTN,2012,47.30687
Bhutan,BTN,2013,43.06233
Bhutan,BTN,2018,38.37479
Bhutan,BTN,2020,44.02602
Bosnia and Herzegovina,BIH,2000,21.779
Bosnia and Herzegovina,BIH,2001,21.26982
Bosnia and Herzegovina,BIH,2002,17.84001
Bosnia and Herzegovina,BIH,2003,19.38244
Bosnia and Herzegovina,BIH,2004,17.37605
Bosnia and Herzegovina,BIH,2005,16.84874
Bosnia and Herzegovina,BIH,2006,15.74804
Bosnia and Herzegovina,BIH,2007,14.5998
Bosnia and Herzegovina,BIH,2008,14.09366
Bosnia and Herzegovina,BIH,2009,11.56428
Bosnia and Herzegovina,BIH,2010,11.37755
Bosnia and Herzegovina,BIH,2011,10.65271
Bosnia and Herzegovina,BIH,2012,10.32644
Bosnia and Herzegovina,BIH,2013,9.56056
Bosnia and Herzegovina,BIH,2014,9.36509
Bosnia and Herzegovina,BIH,2015,10.21196
Bosnia and Herzegovina,BIH,2016,11.4131
Bosnia and Herzegovina,BIH,2017,15.09851
Bosnia and Herzegovina,BIH,2018,16.18888
Bosnia and Herzegovina,BIH,2019,16.93939
Bosnia and Herzegovina,BIH,2020,18.23232
Bosnia and Herzegovina,BIH,2021,18.14203
Botswana,BWA,1998,23.45077
Botswana,BWA,1999,24.73768
Botswana,BWA,2000,25.71738
Botswana,BWA,2001,49.21757
Botswana,BWA,2002,54.90648
Botswana,BWA,2003,50.93475
Botswana,BWA,2004,51.96744
Botswana,BWA,2005,47.91977
Botswana,BWA,2006,37.54458
Botswana,BWA,2007,33.05282
Botswana,BWA,2008,24.28933
Botswana,BWA,2009,18.77916
Botswana,BWA,2010,19.24446
Botswana,BWA,2011,17.85877
Botswana,BWA,2012,9.58558
Botswana,BWA,2013,6.89987
Botswana,BWA,2014,6.21653
Botswana,BWA,2015,5.32142
Botswana,BWA,2016,5.97329
Botswana,BWA,2017,5.18384
Botswana,BWA,2019,5.12158
Botswana,BWA,2020,4.45273
Botswana,BWA,2021,4.45396
Brazil,BRA,1998,0.78526
Brazil,BRA,1999,0.71533
Brazil,BRA,2000,0.6487
Brazil,BRA,2001,0.60772
Brazil,BRA,2002,0.56483
Brazil,BRA,2003,0.54658
Brazil,BRA,2004,0.51499
Brazil,BRA,2005,0.50299
Brazil,BRA,2007,0.51268
Brazil,BRA,2008,0.48907
Brazil,BRA,2009,0.52348
Brazil,BRA,2010,0.51997
Brazil,BRA,2011,0.53118
Brazil,BRA,2012,0.53311
Brazil,BRA,2013,0.52393
Brazil,BRA,2014,0.55961
Brazil,BRA,2015,0.60835
Brazil,BRA,2016,0.62491
Brazil,BRA,2017,0.68014
Brazil,BRA,2018,0.8016
Brazil,BRA,2019,0.91825
Brazil,BRA,2020,0.99282
Brazil,BRA,2021,0.93501
British Virgin Islands,VGB,1999,15.65421
British Virgin Islands,VGB,2000,19
British Virgin Islands,VGB,2001,27.00548
British Virgin Islands,VGB,2002,49.01055
British Virgin Islands,VGB,2004,22.27113
British Virgin Islands,VGB,2009,35.16121
British Virgin Islands,VGB,2015,42.42818
British Virgin Islands,VGB,2016,43.02897
British Virgin Islands,VGB,2018,103.37373
British Virgin Islands,VGB,2019,64.17229
British Virgin Islands,VGB,2021,49.81841
Brunei,BRN,1998,72.54028
Brunei,BRN,1999,60.72874
Brunei,BRN,2000,55.18921
Brunei,BRN,2001,45.71419
Brunei,BRN,2002,45.85422
Brunei,BRN,2003,43.1179
Brunei,BRN,2004,40.17573
Brunei,BRN,2005,49.527
Brunei,BRN,2006,42.85036
Brunei,BRN,2007,48.59678
Brunei,BRN,2008,52.14749
Brunei,BRN,2009,51.09772
Brunei,BRN,2010,57.81104
Brunei,BRN,2011,51.68971
Brunei,BRN,2012,42.55943
Brunei,BRN,2013,40.05019
Brunei,BRN,2014,30.82835
Brunei,BRN,2015,31.80273
Brunei,BRN,2016,32.00693
Brunei,BRN,2017,28.80026
Brunei,BRN,2018,25.1088
Brunei,BRN,2019,18.59511
Brunei,BRN,2020,22.8703
Bulgaria,BGR,1998,5.2993
Bulgaria,BGR,1999,5.16149
Bulgaria,BGR,2000,5.57441
Bulgaria,BGR,2001,6.30799
Bulgaria,BGR,2002,7.3192
Bulgaria,BGR,2003,7.82325
Bulgaria,BGR,2004,8.11384
Bulgaria,BGR,2005,7.94425
Bulgaria,BGR,2006,7.90963
Bulgaria,BGR,2007,7.31114
Bulgaria,BGR,2008,7.30357
Bulgaria,BGR,2009,7.55017
Bulgaria,BGR,2010,7.70985
Bulgaria,BGR,2011,8.26326
Bulgaria,BGR,2012,8.78266
Bulgaria,BGR,2013,8.76165
Bulgaria,BGR,2014,8.65453
Bulgaria,BGR,2015,8.72375
Bulgaria,BGR,2016,9.04684
Bulgaria,BGR,2017,10.03806
Bulgaria,BGR,2018,10.61144
Bulgaria,BGR,2019,10.80706
Bulgaria,BGR,2020,11.11383
Bulgaria,BGR,2021,11.17366
Burkina Faso,BFA,1999,21.20875
Burkina Faso,BFA,2001,18.18752
Burkina Faso,BFA,2002,15.96876
Burkina Faso,BFA,2003,15.27483
Burkina Faso,BFA,2005,11.07496
Burkina Faso,BFA,2006,11.50364
Burkina Faso,BFA,2007,10.65068
Burkina Faso,BFA,2008,8.75281
Burkina Faso,BFA,2009,7.349
Burkina Faso,BFA,2010,7.51164
Burkina Faso,BFA,2011,6.6029
Burkina Faso,BFA,2012,6.00318
Burkina Faso,BFA,2013,5.97064
Burkina Faso,BFA,2014,6.1742
Burkina Faso,BFA,2015,6.49662
Burkina Faso,BFA,2016,6.05907
Burkina Faso,BFA,2017,5.83992
Burkina Faso,BFA,2018,5.5975
Burkina Faso,BFA,2019,5.30444
Burkina Faso,BFA,2020,5.0211
Burkina Faso,BFA,2021,4.23437
Burundi,BDI,1998,24.09966
Burundi,BDI,1999,21.16339
Burundi,BDI,2000,17.72619
Burundi,BDI,2001,18.36742
Burundi,BDI,2002,11.02152
Burundi,BDI,2004,7.17594
Burundi,BDI,2005,6.68723
Burundi,BDI,2006,7.27912
Burundi,BDI,2007,7.54273
Burundi,BDI,2008,7.68319
Burundi,BDI,2009,7.35936
Burundi,BDI,2010,6.22208
Burundi,BDI,2012,7.54635
Burundi,BDI,2013,6.35261
Burundi,BDI,2014,5.5496
Burundi,BDI,2015,4.91031
Burundi,BDI,2016,7.4886
Burundi,BDI,2017,7.7029
Burundi,BDI,2018,8.53722
Cambodia,KHM,2000,7.47499
Cambodia,KHM,2001,6.98238
Cambodia,KHM,2002,5.91028
Cambodia,KHM,2003,5.23749
Cambodia,KHM,2004,5.1705
Cambodia,KHM,2005,4.20424
Cambodia,KHM,2006,2.63496
Cambodia,KHM,2007,2.4125
Cambodia,KHM,2008,2.21107
Cambodia,KHM,2009,2.26796
Cambodia,KHM,2010,2.12767
Cambodia,KHM,2011,1.90359
Cambodia,KHM,2015,2.43289
Cambodia,KHM,2017,2.90634
Cambodia,KHM,2018,3.02114
Cambodia,KHM,2019,3.13828
Cambodia,KHM,2021,3.73117
Cameroon,CMR,1999,19.41198
Cameroon,CMR,2000,20.03321
Cameroon,CMR,2001,19.81111
Cameroon,CMR,2002,18.10149
Cameroon,CMR,2003,19.3492
Cameroon,CMR,2004,18.75614
Cameroon,CMR,2005,16.73049
Cameroon,CMR,2006,14.36674
Cameroon,CMR,2007,13.49203
Cameroon,CMR,2008,12.95068
Cameroon,CMR,2009,11.30069
Cameroon,CMR,2010,9.34732
Cameroon,CMR,2011,9.35344
Cameroon,CMR,2012,8.18159
Cameroon,CMR,2013,6.56261
Cameroon,CMR,2014,6.85228
Cameroon,CMR,2015,6.66915
Cameroon,CMR,2016,9.26786
Cameroon,CMR,2017,9.08299
Cameroon,CMR,2018,8.00282
Canada,CAN,1998,2.50853
Canada,CAN,1999,2.50448
Canada,CAN,2000,2.61634
Canada,CAN,2002,2.9044
Canada,CAN,2007,3.15502
Canada,CAN,2008,3.10395
Canada,CAN,2009,3.14927
Canada,CAN,2010,3.20332
Canada,CAN,2011,3.11857
Canada,CAN,2012,3.09488
Canada,CAN,2013,3.00493
Canada,CAN,2014,3.01289
Canada,CAN,2015,3.19121
Canada,CAN,2016,3.17423
Canada,CAN,2017,3.0492
Canada,CAN,2018,2.98031
Canada,CAN,2019,2.84758
Canada,CAN,2020,2.8793
Canada,CAN,2021,2.68959
Cape Verde,CPV,1999,298.86685
Cape Verde,CPV,2000,263.52475
Cape Verde,CPV,2001,348.81326
Cape Verde,CPV,2002,166.05663
Cape Verde,CPV,2003,162.76617
Cape Verde,CPV,2004,133.19884
Cape Verde,CPV,2005,116.19171
Cape Verde,CPV,2006,113.02356
Cape Verde,CPV,2007,109.54159
Cape Verde,CPV,2008,60.4289
Cape Verde,CPV,2009,47.58486
Cape Verde,CPV,2010,41.13986
Cape Verde,CPV,2011,35.62165
Cape Verde,CPV,2012,37.18699
Cape Verde,CPV,2013,33.04497
Cape Verde,CPV,2014,23.68969
Cape Verde,CPV,2015,24.6159
Cape Verde,CPV,2016,27.0842
Cape Verde,CPV,2017,27.463
Cape Verde,CPV,2018,31.70383
Cayman Islands,CYM,2002,39.64143
Cayman Islands,CYM,2003,35.35714
Cayman Islands,CYM,2006,53.44976
Cayman Islands,CYM,2007,55.45052
Cayman Islands,CYM,2008,40.37065
Central African Republic,CAF,1999,13.80639
Central African Republic,CAF,2000,22.1119
Central African Republic,CAF,2004,20.22816
Central African Republic,CAF,2006,28.71595
Central African Republic,CAF,2008,13.83495
Central African Republic,CAF,2009,11.51507
Central African Republic,CAF,2010,13.47495
Central African Republic,CAF,2011,10.48406
Central African Republic,CAF,2012,11.28018
Central and Southern Asia (SDG),,1997,1.72135
Central and Southern Asia (SDG),,1998,1.52723
Central and Southern Asia (SDG),,1999,1.38324
Central and Southern Asia (SDG),,2000,1.30961
Central and Southern Asia (SDG),,2001,1.3417
Central and Southern Asia (SDG),,2002,1.44416
Central and Southern Asia (SDG),,2003,1.5079
Central and Southern Asia (SDG),,2004,1.57946
Central and Southern Asia (SDG),,2005,1.70683
Central and Southern Asia (SDG),,2006,1.65031
Central and Southern Asia (SDG),,2007,1.58105
Central and Southern Asia (SDG),,2008,1.57862
Central and Southern Asia (SDG),,2009,1.55769
Central and Southern Asia (SDG),,2010,1.49229
Central and Southern Asia (SDG),,2011,1.27888
Central and Southern Asia (SDG),,2012,1.18884
Central and Southern Asia (SDG),,2013,1.31853
Central and Southern Asia (SDG),,2014,1.4554
Central and Southern Asia (SDG),,2015,1.56566
Central and Southern Asia (SDG),,2016,1.78569
Central and Southern Asia (SDG),,2017,1.85104
Central and Southern Asia (SDG),,2018,1.98726
Central and Southern Asia (SDG),,2019,2.17082
Central and Southern Asia (SDG),,2020,2.35991
Central and Southern Asia (SDG),,2021,2.26697
Chad,TCD,1998,60.88768
Chad,TCD,2000,50.29443
Chad,TCD,2001,49.28757
Chad,TCD,2003,44.43762
Chad,TCD,2004,32.80324
Chad,TCD,2005,27.80902
Chad,TCD,2008,21.3176
Chad,TCD,2009,20.1044
Chad,TCD,2010,19.31075
Chad,TCD,2011,21.30997
Chad,TCD,2014,14.70586
Chad,TCD,2015,14.96242
Chad,TCD,2020,11.56333
Chile,CHL,1998,1.18459
Chile,CHL,1999,1.09313
Chile,CHL,2000,1.23607
Chile,CHL,2002,1.40862
Chile,CHL,2003,1.54442
Chile,CHL,2004,1.42997
Chile,CHL,2005,1.38097
Chile,CHL,2006,1.46351
Chile,CHL,2007,1.28626
Chile,CHL,2008,1.34161
Chile,CHL,2009,1.34546
Chile,CHL,2010,1.28107
Chile,CHL,2011,1.27897
Chile,CHL,2012,1.13863
Chile,CHL,2013,1.10151
Chile,CHL,2014,1.09381
Chile,CHL,2015,1.09871
Chile,CHL,2016,1.1124
Chile,CHL,2017,1.26962
Chile,CHL,2018,1.3282
Chile,CHL,2019,1.37596
Chile,CHL,2020,1.50421
Chile,CHL,2021,1.43493
China,CHN,1998,2.2127
China,CHN,1999,2.16222
China,CHN,2000,2.18651
China,CHN,2001,2.01581
China,CHN,2002,1.93585
China,CHN,2003,1.90596
China,CHN,2004,1.82402
China,CHN,2005,1.77837
China,CHN,2006,1.66889
China,CHN,2007,1.71812
China,CHN,2008,1.79497
China,CHN,2009,1.85391
China,CHN,2010,1.9536
China,CHN,2011,2.08478
China,CHN,2012,2.10367
China,CHN,2013,2.10903
China,CHN,2014,1.83648
China,CHN,2015,1.88754
China,CHN,2016,1.97514
China,CHN,2017,2.10376
China,CHN,2018,2.22013
China,CHN,2019,2.25559
China,CHN,2020,2.1812
China,CHN,2021,1.89752
Colombia,COL,1998,1.36764
Colombia,COL,1999,1.40043
Colombia,COL,2000,1.44616
Colombia,COL,2001,1.5752
Colombia,COL,2002,1.78912
Colombia,COL,2004,1.84343
Colombia,COL,2005,1.75855
Colombia,COL,2006,1.68836
Colombia,COL,2007,1.70707
Colombia,COL,2008,1.72868
Colombia,COL,2009,1.76037
Colombia,COL,2010,1.80108
Colombia,COL,2011,1.75192
Colombia,COL,2012,1.65184
Colombia,COL,2013,1.57767
Colombia,COL,2014,1.56732
Colombia,COL,2015,1.57409
Colombia,COL,2016,1.56327
Colombia,COL,2017,1.85929
Colombia,COL,2018,2.06905
Colombia,COL,2019,2.21361
Colombia,COL,2020,2.38482
Colombia,COL,2021,2.34156
Comoros,COM,1999,373.80585
Comoros,COM,2000,335.52374
Comoros,COM,2003,146.61397
Comoros,COM,2007,120.77741
Comoros,COM,2009,81.50653
Comoros,COM,2010,97.07238
Comoros,COM,2011,72.73735
Comoros,COM,2012,72.48575
Comoros,COM,2013,68.8716
Comoros,COM,2014,80.05984
Congo,COG,1999,55.48399
Congo,COG,2000,37.67208
Congo,COG,2001,44.28096
Congo,COG,2002,51.37391
Congo,COG,2003,59.09907
Congo,COG,2009,38.68365
Congo,COG,2011,31.53251
Congo,COG,2012,26.33929
Congo,COG,2013,24.82105
Congo,COG,2017,22.28002
Cook Islands,COK,2012,41.98909
Costa Rica,CRI,2004,1.65346
Costa Rica,CRI,2011,1.14079
Costa Rica,CRI,2012,1.16383
Costa Rica,CRI,2013,1.17811
Costa Rica,CRI,2014,1.13616
Costa Rica,CRI,2015,1.22797
Costa Rica,CRI,2016,1.2918
Costa Rica,CRI,2017,1.35067
Costa Rica,CRI,2018,1.53841
Costa Rica,CRI,2019,1.52101
Cote d'Ivoire,CIV,1999,6.56799
Cote d'Ivoire,CIV,2007,5.6084
Cote d'Ivoire,CIV,2008,5.93675
Cote d'Ivoire,CIV,2009,5.92937
Cote d'Ivoire,CIV,2010,6.55969
Cote d'Ivoire,CIV,2011,14.69516
Cote d'Ivoire,CIV,2013,5.56884
Cote d'Ivoire,CIV,2014,6.03681
Cote d'Ivoire,CIV,2015,6.01182
Cote d'Ivoire,CIV,2016,6.50956
Cote d'Ivoire,CIV,2017,6.38415
Cote d'Ivoire,CIV,2019,6.58011
Cote d'Ivoire,CIV,2020,6.90444
Croatia,HRV,1998,7.97925
Croatia,HRV,1999,7.50764
Croatia,HRV,2000,7.85777
Croatia,HRV,2001,7.54456
Croatia,HRV,2002,7.0589
Croatia,HRV,2003,6.95086
Croatia,HRV,2004,6.78352
Croatia,HRV,2005,6.44057
Croatia,HRV,2006,6.40714
Croatia,HRV,2007,6.32684
Croatia,HRV,2008,6.2668
Croatia,HRV,2009,6.64145
Croatia,HRV,2010,6.24148
Croatia,HRV,2011,6.13226
Croatia,HRV,2012,5.43844
Croatia,HRV,2013,5.18235
Croatia,HRV,2014,5.31787
Croatia,HRV,2015,5.45692
Croatia,HRV,2016,5.69298
Croatia,HRV,2017,5.86703
Croatia,HRV,2018,5.9179
Croatia,HRV,2019,6.20541
Croatia,HRV,2020,6.19377
Croatia,HRV,2021,6.48159
Cuba,CUB,1998,1.35284
Cuba,CUB,1999,0.92009
Cuba,CUB,2000,1.08757
Cuba,CUB,2001,0.77354
Cuba,CUB,2002,0.76019
Cuba,CUB,2003,0.78616
Cuba,CUB,2004,0.33899
Cuba,CUB,2005,0.29581
Cuba,CUB,2006,0.2292
Cuba,CUB,2007,0.18849
Cuba,CUB,2008,0.18395
Cuba,CUB,2009,0.20372
Cuba,CUB,2010,0.2883
Cuba,CUB,2011,0.35862
Cuba,CUB,2012,0.44486
Cuba,CUB,2013,0.57766
Cuba,CUB,2014,0.71833
Cuba,CUB,2015,0.87267
Cuba,CUB,2016,0.92677
Cuba,CUB,2017,0.90088
Cuba,CUB,2018,0.83637
Cuba,CUB,2019,0.86544
Cuba,CUB,2020,0.97945
Cuba,CUB,2021,0.92808
Curacao,CUW,2013,1.74536
Cyprus,CYP,1999,126.1022
Cyprus,CYP,2000,160.68925
Cyprus,CYP,2001,138.9673
Cyprus,CYP,2002,99.46532
Cyprus,CYP,2003,92.45046
Cyprus,CYP,2004,91.28164
Cyprus,CYP,2005,106.79635
Cyprus,CYP,2006,94.27414
Cyprus,CYP,2007,105.15528
Cyprus,CYP,2008,96.1701
Cyprus,CYP,2009,83.96154
Cyprus,CYP,2010,84.72311
Cyprus,CYP,2011,84.81105
Cyprus,CYP,2012,85.05002
Cyprus,CYP,2013,82.31708
Cyprus,CYP,2014,77.32227
Cyprus,CYP,2015,68.70542
Cyprus,CYP,2016,63.03686
Cyprus,CYP,2017,54.03172
Cyprus,CYP,2018,56.18303
Cyprus,CYP,2019,52.10226
Cyprus,CYP,2020,48.83455
Cyprus,CYP,2021,49.93239
Czechia,CZE,1998,1.97311
Czechia,CZE,1999,1.85967
Czechia,CZE,2000,1.78517
Czechia,CZE,2001,1.86209
Czechia,CZE,2002,1.80876
Czechia,CZE,2003,1.97108
Czechia,CZE,2004,1.71751
Czechia,CZE,2005,1.72996
Czechia,CZE,2006,1.85379
Czechia,CZE,2007,1.83277
Czechia,CZE,2008,2.29716
Czechia,CZE,2009,2.46655
Czechia,CZE,2010,2.58175
Czechia,CZE,2011,2.68394
Czechia,CZE,2012,2.75344
Czechia,CZE,2013,2.94517
Czechia,CZE,2014,2.95476
Czechia,CZE,2015,3.16575
Czechia,CZE,2016,3.36942
Czechia,CZE,2017,3.74079
Czechia,CZE,2018,3.74817
Czechia,CZE,2019,3.72324
Czechia,CZE,2020,3.82815
Czechia,CZE,2021,3.74548
Democratic Republic of Congo,COD,1999,8.3343
Democratic Republic of Congo,COD,2006,1.56127
Democratic Republic of Congo,COD,2007,1.59441
Democratic Republic of Congo,COD,2008,1.40994
Democratic Republic of Congo,COD,2009,1.23005
Democratic Republic of Congo,COD,2011,1.28763
Democratic Republic of Congo,COD,2012,1.2966
Democratic Republic of Congo,COD,2013,1.83638
Democratic Republic of Congo,COD,2016,2.14951
Democratic Republic of Congo,COD,2020,2.54317
Denmark,DNK,1998,3.2405
Denmark,DNK,1999,3.2635
Denmark,DNK,2000,3.38354
Denmark,DNK,2001,3.2324
Denmark,DNK,2002,3.28832
Denmark,DNK,2003,3.27253
Denmark,DNK,2004,2.44173
Denmark,DNK,2005,2.28188
Denmark,DNK,2006,2.26008
Denmark,DNK,2007,2.21475
Denmark,DNK,2008,2.26429
Denmark,DNK,2009,2.31336
Denmark,DNK,2010,2.33729
Denmark,DNK,2011,2.40637
Denmark,DNK,2012,2.15091
Denmark,DNK,2013,1.81813
Denmark,DNK,2014,1.81448
Denmark,DNK,2015,1.60829
Denmark,DNK,2016,1.61263
Denmark,DNK,2017,1.70285
Denmark,DNK,2018,1.9125
Denmark,DNK,2019,1.89396
Denmark,DNK,2020,1.96485
Denmark,DNK,2021,1.89099
Djibouti,DJI,1999,684.5714
Djibouti,DJI,2000,661.7481
Djibouti,DJI,2001,282.10205
Djibouti,DJI,2002,219.7982
Djibouti,DJI,2003,193.52357
Djibouti,DJI,2004,166.87386
Djibouti,DJI,2005,127.10056
Djibouti,DJI,2006,129.32217
Djibouti,DJI,2007,71.10916
Djibouti,DJI,2008,62.39003
Djibouti,DJI,2009,56.35671
Djibouti,DJI,2010,56.62604
Djibouti,DJI,2011,39.34617
Dominican Republic,DOM,2003,0.72994
Dominican Republic,DOM,2012,0.86026
Dominican Republic,DOM,2014,0.95482
Dominican Republic,DOM,2015,0.87209
Dominican Republic,DOM,2016,0.77617
Dominican Republic,DOM,2017,0.79543
Dominican Republic,DOM,2020,0.74215
Dominican Republic,DOM,2021,0.70167
East Asia and Pacific (WB),,1997,2.12057
East Asia and Pacific (WB),,1998,2.05584
East Asia and Pacific (WB),,1999,1.9641
East Asia and Pacific (WB),,2000,1.89451
East Asia and Pacific (WB),,2001,1.8834
East Asia and Pacific (WB),,2002,1.88941
East Asia and Pacific (WB),,2003,1.90464
East Asia and Pacific (WB),,2004,1.84235
East Asia and Pacific (WB),,2005,1.80334
East Asia and Pacific (WB),,2006,1.74063
East Asia and Pacific (WB),,2007,1.78085
East Asia and Pacific (WB),,2008,1.81226
East Asia and Pacific (WB),,2009,1.85134
East Asia and Pacific (WB),,2010,1.89687
East Asia and Pacific (WB),,2011,1.94088
East Asia and Pacific (WB),,2012,1.91501
East Asia and Pacific (WB),,2013,1.92402
East Asia and Pacific (WB),,2014,1.76891
East Asia and Pacific (WB),,2015,1.80822
East Asia and Pacific (WB),,2016,1.8811
East Asia and Pacific (WB),,2017,1.99397
East Asia and Pacific (WB),,2018,2.11335
East Asia and Pacific (WB),,2019,2.1647
East Asia and Pacific (WB),,2020,2.12554
East Asia and Pacific (WB),,2021,1.8855
East Timor,TLS,2002,6.62609
East Timor,TLS,2009,20.27051
East Timor,TLS,2010,20.07509
Eastern and South-Eastern Asia (SDG),,1997,2.15501
Eastern and South-Eastern Asia (SDG),,1998,2.08633
Eastern and South-Eastern Asia (SDG),,1999,1.98781
Eastern and South-Eastern Asia (SDG),,2000,1.91451
Eastern and South-Eastern Asia (SDG),,2001,1.90186
Eastern and South-Eastern Asia (SDG),,2002,1.90586
Eastern and South-Eastern Asia (SDG),,2003,1.92522
Eastern and South-Eastern Asia (SDG),,2004,1.85534
Eastern and South-Eastern Asia (SDG),,2005,1.81951
Eastern and South-Eastern Asia (SDG),,2006,1.75258
Eastern and South-Eastern Asia (SDG),,2007,1.79258
Eastern and South-Eastern Asia (SDG),,2008,1.82751
Eastern and South-Eastern Asia (SDG),,2009,1.86782
Eastern and South-Eastern Asia (SDG),,2010,1.91502
Eastern and South-Eastern Asia (SDG),,2011,1.96178
Eastern and South-Eastern Asia (SDG),,2012,1.93468
Eastern and South-Eastern Asia (SDG),,2013,1.94362
Eastern and South-Eastern Asia (SDG),,2014,1.78183
Eastern and South-Eastern Asia (SDG),,2015,1.82401
Eastern and South-Eastern Asia (SDG),,2016,1.89732
Eastern and South-Eastern Asia (SDG),,2017,2.00989
Eastern and South-Eastern Asia (SDG),,2018,2.12995
Eastern and South-Eastern Asia (SDG),,2019,2.1851
Eastern and South-Eastern Asia (SDG),,2020,2.14306
Eastern and South-Eastern Asia (SDG),,2021,1.89785
Ecuador,ECU,2008,1.93763
Ecuador,ECU,2012,2.3017
Ecuador,ECU,2013,2.26355
Ecuador,ECU,2015,2.40282
Ecuador,ECU,2018,3.08884
Ecuador,ECU,2019,3.11126
Ecuador,ECU,2020,2.57823
Egypt,EGY,1999,0.42521
Egypt,EGY,2001,0.44441
Egypt,EGY,2002,0.39473
Egypt,EGY,2003,0.43334
Egypt,EGY,2004,0.41419
Egypt,EGY,2005,0.41493
Egypt,EGY,2006,0.43124
Egypt,EGY,2007,0.44929
Egypt,EGY,2008,0.49728
Egypt,EGY,2009,0.50039
Egypt,EGY,2010,0.53222
Egypt,EGY,2011,0.67954
Egypt,EGY,2012,0.73576
Egypt,EGY,2013,0.81598
Egypt,EGY,2014,0.93979
Egypt,EGY,2015,0.93115
Egypt,EGY,2016,1.12885
Egypt,EGY,2017,1.19302
Egypt,EGY,2018,1.21362
Egypt,EGY,2020,1.30569
El Salvador,SLV,1998,1.35174
El Salvador,SLV,1999,1.3309
El Salvador,SLV,2000,1.48714
El Salvador,SLV,2001,1.92891
El Salvador,SLV,2002,2.01455
El Salvador,SLV,2003,2.23596
El Salvador,SLV,2004,2.13362
El Salvador,SLV,2005,2.18335
El Salvador,SLV,2006,2.2757
El Salvador,SLV,2007,2.39036
El Salvador,SLV,2008,2.40452
El Salvador,SLV,2009,2.39491
El Salvador,SLV,2010,2.38487
El Salvador,SLV,2011,1.75312
El Salvador,SLV,2012,2.07976
El Salvador,SLV,2013,2.02616
El Salvador,SLV,2014,1.88919
El Salvador,SLV,2015,2.15217
El Salvador,SLV,2016,2.2579
El Salvador,SLV,2017,2.27979
El Salvador,SLV,2018,2.28711
El Salvador,SLV,2019,2.30714
El Salvador,SLV,2020,2.20666
Equatorial Guinea,GNQ,2000,108.69167
Eritrea,ERI,1998,17.79716
Eritrea,ERI,1999,14.34652
Eritrea,ERI,2000,16.09921
Eritrea,ERI,2001,14.15812
Eritrea,ERI,2002,16.4331
Eritrea,ERI,2004,17.59221
Eritrea,ERI,2009,8.70068
Eritrea,ERI,2010,8.642
Eritrea,ERI,2014,13.73002
Eritrea,ERI,2015,15.36303
Eritrea,ERI,2016,19.622
Estonia,EST,1998,7.21304
Estonia,EST,1999,6.97971
Estonia,EST,2000,6.60698
Estonia,EST,2001,6.92808
Estonia,EST,2002,5.6706
Estonia,EST,2003,6.18123
Estonia,EST,2004,4.97306
Estonia,EST,2005,4.87207
Estonia,EST,2006,4.68585
Estonia,EST,2007,4.5966
Estonia,EST,2008,5.03943
Estonia,EST,2009,5.41373
Estonia,EST,2010,5.76575
Estonia,EST,2011,6.18104
Estonia,EST,2012,6.5946
Estonia,EST,2013,6.44848
Estonia,EST,2014,6.98428
Estonia,EST,2015,7.84721
Estonia,EST,2016,7.87149
Estonia,EST,2017,8.21351
Estonia,EST,2018,8.09512
Estonia,EST,2019,7.95273
Estonia,EST,2020,7.85048
Estonia,EST,2021,7.73762
Eswatini,SWZ,1999,22.9918
Eswatini,SWZ,2000,29.67568
Eswatini,SWZ,2002,40.51802
Eswatini,SWZ,2004,40.38901
Eswatini,SWZ,2005,49.7399
Eswatini,SWZ,2006,56.13163
Eswatini,SWZ,2011,49.70814
Eswatini,SWZ,2013,34.93811
Ethiopia,ETH,1998,6.70852
Ethiopia,ETH,1999,5.96884
Ethiopia,ETH,2000,4.56229
Ethiopia,ETH,2001,3.48238
Ethiopia,ETH,2002,3.02695
Ethiopia,ETH,2003,2.15875
Ethiopia,ETH,2004,1.91573
Ethiopia,ETH,2005,1.7651
Ethiopia,ETH,2008,1.59426
Ethiopia,ETH,2009,1.20953
Ethiopia,ETH,2010,0.89949
Ethiopia,ETH,2011,1.07957
Ethiopia,ETH,2012,0.84571
Ethiopia,ETH,2014,0.8168
Europe and Central Asia (WB),,1997,2.50083
Europe and Central Asia (WB),,1998,2.43234
Europe and Central Asia (WB),,1999,2.37845
Europe and Central Asia (WB),,2000,2.30242
Europe and Central Asia (WB),,2001,2.23518
Europe and Central Asia (WB),,2002,2.15165
Europe and Central Asia (WB),,2003,2.13111
Europe and Central Asia (WB),,2004,1.97273
Europe and Central Asia (WB),,2005,1.99948
Europe and Central Asia (WB),,2006,2.03076
Europe and Central Asia (WB),,2007,2.11104
Europe and Central Asia (WB),,2008,2.23474
Europe and Central Asia (WB),,2009,2.3011
Europe and Central Asia (WB),,2010,2.45274
Europe and Central Asia (WB),,2011,2.63613
Europe and Central Asia (WB),,2012,2.7388
Europe and Central Asia (WB),,2013,2.87593
Europe and Central Asia (WB),,2014,3.08016
Europe and Central Asia (WB),,2015,3.26366
Europe and Central Asia (WB),,2016,3.40605
Europe and Central Asia (WB),,2017,3.44643
Europe and Central Asia (WB),,2018,3.53886
Europe and Central Asia (WB),,2019,3.5347
Europe and Central Asia (WB),,2020,3.66822
Europe and Central Asia (WB),,2021,3.67056
Europe and Northern America (SDG),,1997,1.58469
Europe and Northern America (SDG),,1998,1.58523
Europe and Northern America (SDG),,1999,1.57284
Europe and Northern America (SDG),,2000,1.54681
Europe and Northern America (SDG),,2001,1.52588
Europe and Northern America (SDG),,2002,1.48249
Europe and Northern America (SDG),,2003,1.4868
Europe and Northern America (SDG),,2004,1.36444
Europe and Northern America (SDG),,2005,1.37619
Europe and Northern America (SDG),,2006,1.40938
Europe and Northern America (SDG),,2007,1.4531
Europe and Northern America (SDG),,2008,1.48321
Europe and Northern America (SDG),,2009,1.54308
Europe and Northern America (SDG),,2010,1.63596
Europe and Northern America (SDG),,2011,1.73825
Europe and Northern America (SDG),,2012,1.80807
Europe and Northern America (SDG),,2013,1.87238
Europe and Northern America (SDG),,2014,1.96111
Europe and Northern America (SDG),,2015,2.07215
Europe and Northern America (SDG),,2016,2.17494
Europe and Northern America (SDG),,2017,2.26868
Europe and Northern America (SDG),,2018,2.31424
Europe and Northern America (SDG),,2019,2.3222
Europe and Northern America (SDG),,2020,2.38976
Europe and Northern America (SDG),,2021,2.39779
European Union (27),,1997,3.09264
European Union (27),,1998,3.03876
European Union (27),,1999,2.99754
European Union (27),,2000,2.95993
European Union (27),,2001,2.92668
European Union (27),,2002,2.82452
European Union (27),,2003,2.87229
European Union (27),,2004,2.53477
European Union (27),,2005,2.59116
European Union (27),,2006,2.65719
European Union (27),,2007,2.76954
European Union (27),,2008,2.71667
European Union (27),,2009,2.89493
European Union (27),,2010,3.06796
European Union (27),,2011,3.26346
European Union (27),,2012,3.45641
European Union (27),,2013,3.5695
European Union (27),,2014,3.65439
European Union (27),,2015,3.75817
European Union (27),,2016,3.8797
European Union (27),,2017,4.0392
European Union (27),,2018,4.08583
European Union (27),,2019,4.0471
European Union (27),,2020,4.14951
European Union (27),,2021,4.0612
Fiji,FJI,2003,14.00822
Fiji,FJI,2004,12.79809
Fiji,FJI,2005,13.36151
Fiji,FJI,2019,3.44519
Finland,FIN,1998,3.65931
Finland,FIN,1999,3.65172
Finland,FIN,2000,3.63272
Finland,FIN,2001,3.47312
Finland,FIN,2002,3.49204
Finland,FIN,2003,3.5033
Finland,FIN,2004,1.9349
Finland,FIN,2005,1.866
Finland,FIN,2006,1.9445
Finland,FIN,2007,1.96956
Finland,FIN,2008,2.13408
Finland,FIN,2009,2.38602
Finland,FIN,2010,2.45118
Finland,FIN,2011,2.50996
Finland,FIN,2012,2.65583
Finland,FIN,2013,2.68414
Finland,FIN,2014,2.88748
Finland,FIN,2015,3.0873
Finland,FIN,2016,3.42576
Finland,FIN,2017,3.71195
Finland,FIN,2018,3.84661
Finland,FIN,2019,3.8384
Finland,FIN,2020,3.70963
Finland,FIN,2021,3.36605
France,FRA,1998,2.27506
France,FRA,1999,2.3702
France,FRA,2000,2.45004
France,FRA,2001,2.54817
France,FRA,2002,2.66127
France,FRA,2003,2.64527
France,FRA,2004,2.11618
France,FRA,2005,2.22128
France,FRA,2006,2.42687
France,FRA,2007,2.52097
France,FRA,2008,2.18206
France,FRA,2009,2.45723
France,FRA,2010,2.55259
France,FRA,2011,2.66236
France,FRA,2012,2.79514
France,FRA,2013,3.28291
France,FRA,2014,3.43642
France,FRA,2015,3.57632
France,FRA,2016,3.66265
France,FRA,2017,3.74127
France,FRA,2018,3.80232
France,FRA,2019,3.83578
France,FRA,2020,3.95721
France,FRA,2021,3.76573
Gabon,GAB,1999,45.05553
Gabon,GAB,2001,41.26004
Gabon,GAB,2003,47.09025
Gambia,GMB,1999,74.93584
Gambia,GMB,2004,69.78553
Gambia,GMB,2010,35.31734
Gambia,GMB,2011,24.94023
Gambia,GMB,2012,25.46461
Georgia,GEO,1999,3.80597
Georgia,GEO,2000,3.69126
Georgia,GEO,2001,3.5712
Georgia,GEO,2002,3.37995
Georgia,GEO,2003,3.41536
Georgia,GEO,2004,3.60825
Georgia,GEO,2005,3.42052
Georgia,GEO,2006,4.33256
Georgia,GEO,2007,5.09955
Georgia,GEO,2008,5.91656
Georgia,GEO,2009,8.6802
Georgia,GEO,2010,7.7809
Georgia,GEO,2011,7.49837
Georgia,GEO,2012,9.92921
Georgia,GEO,2013,6.3704
Georgia,GEO,2014,7.74646
Georgia,GEO,2015,6.9499
Georgia,GEO,2016,6.613
Georgia,GEO,2017,7.852
Georgia,GEO,2018,7.04394
Georgia,GEO,2019,6.47138
Georgia,GEO,2020,6.17844
Georgia,GEO,2021,5.72804
Germany,DEU,2013,4.33527
Germany,DEU,2014,4.06938
Germany,DEU,2015,3.93258
Germany,DEU,2016,3.88083
Germany,DEU,2017,3.97759
Germany,DEU,2018,3.9177
Germany,DEU,2019,3.7214
Germany,DEU,2020,3.76623
Germany,DEU,2021,3.77015
Ghana,GHA,2005,7.82209
Ghana,GHA,2006,8.30602
Ghana,GHA,2007,6.51984
Ghana,GHA,2008,4.86408
Ghana,GHA,2009,4.52484
Ghana,GHA,2011,3.57097
Ghana,GHA,2012,3.50773
Ghana,GHA,2013,3.01365
Ghana,GHA,2014,2.98999
Ghana,GHA,2015,3.18727
Ghana,GHA,2016,3.29305
Ghana,GHA,2017,3.34056
Ghana,GHA,2018,3.67784
Ghana,GHA,2019,3.47919
Ghana,GHA,2020,3.43663
Ghana,GHA,2021,3.49865
Greece,GRC,1998,14.99778
Greece,GRC,1999,15.72788
Greece,GRC,2000,13.68353
Greece,GRC,2001,11.7379
Greece,GRC,2002,9.31766
Greece,GRC,2003,8.02378
Greece,GRC,2004,7.07317
Greece,GRC,2005,5.80102
Greece,GRC,2006,5.2039
Greece,GRC,2007,5.25989
Greece,GRC,2010,4.52906
Greece,GRC,2011,4.46607
Greece,GRC,2012,5.14494
Greece,GRC,2013,5.14766
Greece,GRC,2014,5.31608
Greece,GRC,2016,5.03348
Greece,GRC,2017,5.16521
Greece,GRC,2018,5.0998
Greece,GRC,2019,4.98578
Greece,GRC,2020,5.03587
Greece,GRC,2021,4.81085
Grenada,GRD,2009,8.34356
Grenada,GRD,2015,5.23377
Grenada,GRD,2016,5.58374
Grenada,GRD,2017,5.73482
Grenada,GRD,2018,5.35489
Guatemala,GTM,2002,2.03886
Guatemala,GTM,2007,1.23092
Guatemala,GTM,2009,1.35124
Guatemala,GTM,2010,1.3439
Guatemala,GTM,2011,1.0417
Guatemala,GTM,2012,1.148
Guatemala,GTM,2013,0.91802
Guatemala,GTM,2014,0.97245
Guatemala,GTM,2015,0.83312
Guatemala,GTM,2019,0.80534
Guinea,GIN,1998,36.56915
Guinea,GIN,2004,22.47875
Guinea,GIN,2005,17.75643
Guinea,GIN,2006,11.76586
Guinea,GIN,2007,7.93478
Guinea,GIN,2008,7.1893
Guinea,GIN,2009,6.69287
Guinea,GIN,2010,6.78669
Guinea,GIN,2011,6.96061
Guinea,GIN,2012,7.02688
Guinea,GIN,2013,6.22764
Guinea,GIN,2014,6.43892
Guinea-Bissau,GNB,2005,43.67022
Guinea-Bissau,GNB,2006,41.02982
Guyana,GUY,2003,20.7154
Guyana,GUY,2004,15.14788
Guyana,GUY,2005,15.67746
Guyana,GUY,2006,16.47888
Guyana,GUY,2007,20.44586
Guyana,GUY,2008,21.48422
Guyana,GUY,2009,24.43654
Guyana,GUY,2010,11.91335
Guyana,GUY,2011,21.26499
Guyana,GUY,2012,19.06797
High income countries,,1997,1.90375
High income countries,,1998,1.9281
High income countries,,1999,1.92343
High income countries,,2000,1.89459
High income countries,,2001,1.91087
High income countries,,2002,1.87691
High income countries,,2003,1.90464
High income countries,,2004,1.77698
High income countries,,2005,1.7962
High income countries,,2006,1.81813
High income countries,,2007,1.87567
High income countries,,2008,1.84964
High income countries,,2009,1.91977
High income countries,,2010,1.98246
High income countries,,2011,2.04198
High income countries,,2012,2.08456
High income countries,,2013,2.13071
High income countries,,2014,2.19478
High income countries,,2015,2.25493
High income countries,,2016,2.33359
High income countries,,2017,2.39647
High income countries,,2018,2.42245
High income countries,,2019,2.43338
High income countries,,2020,2.46853
High income countries,,2021,2.40219
Honduras,HND,1998,1.74622
Honduras,HND,1999,1.60235
Honduras,HND,2000,2.35933
Honduras,HND,2003,1.89728
Honduras,HND,2004,1.90917
Honduras,HND,2008,2.05376
Honduras,HND,2010,1.92093
Honduras,HND,2012,1.98824
Honduras,HND,2013,1.80947
Honduras,HND,2014,1.84991
Honduras,HND,2015,1.97363
Honduras,HND,2016,1.94445
Honduras,HND,2017,1.74887
Honduras,HND,2018,1.70036
Honduras,HND,2019,1.76647
Hong Kong,HKG,2003,23.60716
Hong Kong,HKG,2004,23.06215
Hong Kong,HKG,2005,22.3106
Hong Kong,HKG,2006,19.89208
Hong Kong,HKG,2007,16.93061
Hong Kong,HKG,2008,13.0662
Hong Kong,HKG,2009,12.84287
Hong Kong,HKG,2010,12.29683
Hong Kong,HKG,2011,11.49018
Hong Kong,HKG,2012,11.40222
Hong Kong,HKG,2013,10.72346
Hong Kong,HKG,2014,11.1584
Hong Kong,HKG,2015,12.19183
Hong Kong,HKG,2016,12.42763
Hong Kong,HKG,2017,12.18593
Hong Kong,HKG,2018,12.26005
Hong Kong,HKG,2019,12.17407
Hong Kong,HKG,2020,12.11823
Hong Kong,HKG,2021,12.148
Hungary,HUN,1998,2.31337
Hungary,HUN,1999,2.03975
Hungary,HUN,2000,1.90862
Hungary,HUN,2001,1.84585
Hungary,HUN,2002,1.76772
Hungary,HUN,2003,1.64415
Hungary,HUN,2004,1.42115
Hungary,HUN,2005,1.44491
Hungary,HUN,2006,1.48117
Hungary,HUN,2007,1.58163
Hungary,HUN,2008,1.67398
Hungary,HUN,2009,1.86165
Hungary,HUN,2010,2.04479
Hungary,HUN,2011,2.1412
Hungary,HUN,2012,2.08268
Hungary,HUN,2013,2.46307
Hungary,HUN,2014,2.90397
Hungary,HUN,2015,3.4586
Hungary,HUN,2016,3.93976
Hungary,HUN,2017,4.32004
Hungary,HUN,2018,4.54247
Hungary,HUN,2019,4.60941
Hungary,HUN,2020,4.81122
Hungary,HUN,2021,4.78755
Iceland,ISL,1998,27.96296
Iceland,ISL,1999,27.16852
Iceland,ISL,2000,24.28783
Iceland,ISL,2001,23.53014
Iceland,ISL,2002,21.60492
Iceland,ISL,2003,21.59001
Iceland,ISL,2004,14.56848
Iceland,ISL,2005,15.16038
Iceland,ISL,2006,15.35088
Iceland,ISL,2007,15.68587
Iceland,ISL,2008,14.6013
Iceland,ISL,2009,15.76285
Iceland,ISL,2010,15.53926
Iceland,ISL,2011,14.44362
Iceland,ISL,2012,14.3706
Iceland,ISL,2013,14.87912
Iceland,ISL,2014,13.74482
Iceland,ISL,2015,13.91335
Iceland,ISL,2016,14.31507
Iceland,ISL,2017,14.70623
Iceland,ISL,2018,18.52019
Iceland,ISL,2019,14.78914
Iceland,ISL,2020,14.30333
Iceland,ISL,2021,12.59845
India,IND,2000,0.74971
India,IND,2001,0.83638
India,IND,2002,0.91097
India,IND,2003,1.01133
India,IND,2004,1.10901
India,IND,2005,1.25193
India,IND,2006,1.19466
India,IND,2007,1.10529
India,IND,2008,1.03788
India,IND,2009,1.0403
India,IND,2010,0.94578
India,IND,2011,0.73234
India,IND,2012,0.65238
India,IND,2013,0.67679
India,IND,2014,0.71276
India,IND,2015,0.80059
India,IND,2016,0.9429
India,IND,2017,1.02344
India,IND,2018,1.10081
India,IND,2019,1.31123
India,IND,2020,1.41976
India,IND,2021,1.30951
Indonesia,IDN,1998,1.02083
Indonesia,IDN,1999,0.96674
Indonesia,IDN,2000,1.1019
Indonesia,IDN,2001,1.17889
Indonesia,IDN,2002,1.1643
Indonesia,IDN,2003,1.09
Indonesia,IDN,2004,0.92293
Indonesia,IDN,2005,0.87012
Indonesia,IDN,2006,0.85258
Indonesia,IDN,2007,0.89766
Indonesia,IDN,2008,0.79899
Indonesia,IDN,2009,0.75996
Indonesia,IDN,2010,0.7561
Indonesia,IDN,2011,0.69661
Indonesia,IDN,2012,0.58523
Indonesia,IDN,2013,0.61414
Indonesia,IDN,2014,0.61198
Indonesia,IDN,2015,0.63673
Indonesia,IDN,2016,0.62713
Indonesia,IDN,2017,0.61115
Indonesia,IDN,2018,0.64475
Iran,IRN,1999,1.37461
Iran,IRN,2000,1.23597
Iran,IRN,2001,1.10488
Iran,IRN,2002,1.13208
Iran,IRN,2003,1.11246
Iran,IRN,2004,1.06059
Iran,IRN,2005,1.09462
Iran,IRN,2006,1.06789
Iran,IRN,2007,1.07726
Iran,IRN,2008,1.0226
Iran,IRN,2009,1.24195
Iran,IRN,2010,1.21169
Iran,IRN,2011,1.25571
Iran,IRN,2012,1.18889
Iran,IRN,2013,1.13312
Iran,IRN,2014,1.08475
Iran,IRN,2015,1.06477
Iran,IRN,2016,1.21356
Iran,IRN,2017,1.30622
Iran,IRN,2018,1.57351
Iran,IRN,2019,1.76992
Iran,IRN,2020,2.09498
Iraq,IRQ,1999,1.80658
Iraq,IRQ,2000,1.72934
Iraq,IRQ,2002,1.56861
Iraq,IRQ,2004,1.01983
Iraq,IRQ,2005,1.25817
Ireland,IRL,1998,13.59351
Ireland,IRL,1999,12.7004
Ireland,IRL,2000,10.88065
Ireland,IRL,2001,9.26669
Ireland,IRL,2002,8.58588
Ireland,IRL,2003,8.68369
Ireland,IRL,2004,9.23671
Ireland,IRL,2005,10.24354
Ireland,IRL,2006,10.56289
Ireland,IRL,2007,10.09709
Ireland,IRL,2008,10.13042
Ireland,IRL,2009,10.12393
Ireland,IRL,2010,10.28093
Ireland,IRL,2011,10.45804
Ireland,IRL,2012,9.63729
Ireland,IRL,2013,8.21441
Ireland,IRL,2014,7.55529
Ireland,IRL,2015,7.02289
Ireland,IRL,2016,6.73858
Ireland,IRL,2017,6.6981
Ireland,IRL,2018,6.47919
Ireland,IRL,2019,6.68572
Ireland,IRL,2020,6.41302
Ireland,IRL,2021,6.34935
Israel,ISR,1998,4.51556
Israel,ISR,1999,4.40846
Israel,ISR,2000,5.70362
Israel,ISR,2001,6.21389
Israel,ISR,2002,4.25713
Israel,ISR,2003,4.13913
Israel,ISR,2004,3.66479
Israel,ISR,2005,3.9124
Israel,ISR,2006,3.92725
Israel,ISR,2007,3.82657
Israel,ISR,2008,4.18772
Israel,ISR,2009,3.93021
Israel,ISR,2010,3.81316
Israel,ISR,2011,3.8559
Israel,ISR,2012,3.95725
Israel,ISR,2013,3.7226
Israel,ISR,2014,3.73597
Israel,ISR,2015,3.60526
Israel,ISR,2016,3.74754
Israel,ISR,2017,3.94306
Israel,ISR,2018,4.34035
Israel,ISR,2019,4.33577
Israel,ISR,2020,4.73957
Israel,ISR,2021,4.55821
Italy,ITA,1998,1.96383
Italy,ITA,1999,2.08998
Italy,ITA,2000,2.20898
Italy,ITA,2001,2.19435
Italy,ITA,2002,2.11936
Italy,ITA,2003,2.12078
Italy,ITA,2004,1.61684
Italy,ITA,2005,1.58453
Italy,ITA,2006,1.55695
Italy,ITA,2007,1.63293
Italy,ITA,2008,1.6448
Italy,ITA,2009,1.80387
Italy,ITA,2010,2.03706
Italy,ITA,2011,2.23458
Italy,ITA,2012,2.48173
Italy,ITA,2013,2.68819
Italy,ITA,2014,2.96119
Italy,ITA,2015,3.33723
Italy,ITA,2016,3.70289
Italy,ITA,2017,4.07408
Italy,ITA,2018,4.01793
Italy,ITA,2019,4.13518
Italy,ITA,2020,4.16397
Italy,ITA,2021,4.05527
Jamaica,JAM,1999,19.55128
Jamaica,JAM,2000,13.13162
Jamaica,JAM,2001,11.442
Jamaica,JAM,2002,11.06408
Jamaica,JAM,2003,11.67711
Jamaica,JAM,2004,12.41366
Jamaica,JAM,2005,14.2147
Jamaica,JAM,2006,13.27068
Jamaica,JAM,2008,9.77662
Jamaica,JAM,2009,9.01236
Jamaica,JAM,2010,7.64547
Jamaica,JAM,2011,6.66424
Jamaica,JAM,2012,5.55643
Jamaica,JAM,2013,5.38227
Jamaica,JAM,2015,5.72858
Japan,JPN,1998,1.43282
Japan,JPN,1999,1.47418
Japan,JPN,2013,0.86545
Japan,JPN,2014,0.87735
Japan,JPN,2015,0.79473
Japan,JPN,2016,0.82288
Japan,JPN,2017,0.82386
Japan,JPN,2018,0.83047
Japan,JPN,2019,0.83081
Japan,JPN,2020,0.84706
Jordan,JOR,2000,8.13029
Jordan,JOR,2002,7.19292
Jordan,JOR,2003,6.36936
Jordan,JOR,2004,5.63241
Jordan,JOR,2005,5.6326
Jordan,JOR,2006,5.87566
Jordan,JOR,2007,5.80231
Jordan,JOR,2008,5.45508
Jordan,JOR,2009,5.44031
Jordan,JOR,2010,6.12136
Jordan,JOR,2011,6.31234
Jordan,JOR,2012,5.5548
Jordan,JOR,2015,7.15847
Jordan,JOR,2016,7.78872
Jordan,JOR,2017,8.74859
Jordan,JOR,2018,8.28015
Jordan,JOR,2019,8.90705
Jordan,JOR,2020,9.10953
Jordan,JOR,2021,9.09322
Kazakhstan,KAZ,1999,6.33587
Kazakhstan,KAZ,2000,4.88543
Kazakhstan,KAZ,2006,3.0993
Kazakhstan,KAZ,2010,5.1401
Kazakhstan,KAZ,2011,5.28552
Kazakhstan,KAZ,2012,5.134
Kazakhstan,KAZ,2013,6.93229
Kazakhstan,KAZ,2014,9.21057
Kazakhstan,KAZ,2015,11.88517
Kazakhstan,KAZ,2016,14.46805
Kazakhstan,KAZ,2017,13.54336
Kazakhstan,KAZ,2018,13.94185
Kazakhstan,KAZ,2019,13.04244
Kazakhstan,KAZ,2020,12.21246
Kenya,KEN,2000,11.62755
Kenya,KEN,2001,12.09205
Kenya,KEN,2002,12.29083
Kenya,KEN,2004,12.42364
Kenya,KEN,2005,12.32375
Kenya,KEN,2009,7.90671
Kenya,KEN,2015,3.25374
Kenya,KEN,2016,2.59708
Kenya,KEN,2017,2.67848
Kenya,KEN,2019,3.11587
Kuwait,KWT,1999,15.33947
Kuwait,KWT,2001,15.21553
Kuwait,KWT,2002,15.04686
Kuwait,KWT,2003,14.5948
Kuwait,KWT,2004,18.31706
Kuwait,KWT,2014,18.58284
Kuwait,KWT,2015,18.6959
Kuwait,KWT,2016,19.3182
Kuwait,KWT,2017,19.7193
Kuwait,KWT,2018,21.23043
Kuwait,KWT,2019,20.5236
Kuwait,KWT,2020,18.95069
Kuwait,KWT,2021,19.77905
Kyrgyzstan,KGZ,1998,4.07727
Kyrgyzstan,KGZ,1999,4.00771
Kyrgyzstan,KGZ,2000,1.94643
Kyrgyzstan,KGZ,2001,1.75026
Kyrgyzstan,KGZ,2002,1.67777
Kyrgyzstan,KGZ,2003,1.41648
Kyrgyzstan,KGZ,2004,1.57525
Kyrgyzstan,KGZ,2005,1.39873
Kyrgyzstan,KGZ,2006,1.56346
Kyrgyzstan,KGZ,2007,1.69674
Kyrgyzstan,KGZ,2008,1.57171
Kyrgyzstan,KGZ,2009,1.65721
Kyrgyzstan,KGZ,2010,1.90035
Kyrgyzstan,KGZ,2011,2.16514
Kyrgyzstan,KGZ,2012,2.18686
Kyrgyzstan,KGZ,2013,2.07731
Kyrgyzstan,KGZ,2014,3.12338
Kyrgyzstan,KGZ,2015,3.56254
Kyrgyzstan,KGZ,2016,4.59551
Kyrgyzstan,KGZ,2017,4.93513
Kyrgyzstan,KGZ,2018,5.88978
Kyrgyzstan,KGZ,2019,5.95772
Kyrgyzstan,KGZ,2020,5.66657
Kyrgyzstan,KGZ,2021,5.16179
Laos,LAO,1998,14.73817
Laos,LAO,1999,13.24942
Laos,LAO,2000,8.64725
Laos,LAO,2001,6.54001
Laos,LAO,2002,4.84222
Laos,LAO,2003,5.22386
Laos,LAO,2004,5.6013
Laos,LAO,2005,4.75893
Laos,LAO,2006,5.12022
Laos,LAO,2007,4.55222
Laos,LAO,2008,4.24911
Laos,LAO,2009,3.69601
Laos,LAO,2010,3.21363
Laos,LAO,2011,3.27768
Laos,LAO,2012,3.44737
Laos,LAO,2013,3.52731
Laos,LAO,2014,2.55828
Laos,LAO,2015,2.71095
Laos,LAO,2016,5.13454
Laos,LAO,2017,4.57997
Laos,LAO,2018,6.27419
Laos,LAO,2019,8.18088
Laos,LAO,2020,9.81246
Latin America & Caribbean (WB),,1997,1.27761
Latin America & Caribbean (WB),,1998,1.17074
Latin America & Caribbean (WB),,1999,1.10335
Latin America & Caribbean (WB),,2000,1.11301
Latin America & Caribbean (WB),,2001,1.15093
Latin America & Caribbean (WB),,2002,1.16686
Latin America & Caribbean (WB),,2003,1.23107
Latin America & Caribbean (WB),,2004,1.15752
Latin America & Caribbean (WB),,2005,1.15993
Latin America & Caribbean (WB),,2006,1.09698
Latin America & Caribbean (WB),,2007,1.16602
Latin America & Caribbean (WB),,2008,1.14789
Latin America & Caribbean (WB),,2009,1.16054
Latin America & Caribbean (WB),,2010,1.1743
Latin America & Caribbean (WB),,2011,1.13515
Latin America & Caribbean (WB),,2012,1.10896
Latin America & Caribbean (WB),,2013,1.07145
Latin America & Caribbean (WB),,2014,1.0708
Latin America & Caribbean (WB),,2015,1.10036
Latin America & Caribbean (WB),,2016,1.09384
Latin America & Caribbean (WB),,2017,1.1815
Latin America & Caribbean (WB),,2018,1.27128
Latin America & Caribbean (WB),,2019,1.34746
Latin America & Caribbean (WB),,2020,1.39678
Latin America & Caribbean (WB),,2021,1.34435
Latin America and the Caribbean (SDG),,1997,1.27887
Latin America and the Caribbean (SDG),,1998,1.17189
Latin America and the Caribbean (SDG),,1999,1.10442
Latin America and the Caribbean (SDG),,2000,1.11401
Latin America and the Caribbean (SDG),,2001,1.15187
Latin America and the Caribbean (SDG),,2002,1.16772
Latin America and the Caribbean (SDG),,2003,1.23187
Latin America and the Caribbean (SDG),,2004,1.15857
Latin America and the Caribbean (SDG),,2005,1.16095
Latin America and the Caribbean (SDG),,2006,1.0977
Latin America and the Caribbean (SDG),,2007,1.16667
Latin America and the Caribbean (SDG),,2008,1.14865
Latin America and the Caribbean (SDG),,2009,1.1613
Latin America and the Caribbean (SDG),,2010,1.175
Latin America and the Caribbean (SDG),,2011,1.13573
Latin America and the Caribbean (SDG),,2012,1.10954
Latin America and the Caribbean (SDG),,2013,1.07365
Latin America and the Caribbean (SDG),,2014,1.07197
Latin America and the Caribbean (SDG),,2015,1.10117
Latin America and the Caribbean (SDG),,2016,1.09434
Latin America and the Caribbean (SDG),,2017,1.18223
Latin America and the Caribbean (SDG),,2018,1.27176
Latin America and the Caribbean (SDG),,2019,1.34801
Latin America and the Caribbean (SDG),,2020,1.39743
Latin America and the Caribbean (SDG),,2021,1.34498
Latvia,LVA,1998,3.74183
Latvia,LVA,1999,3.2398
Latvia,LVA,2000,3.01475
Latvia,LVA,2001,2.97698
Latvia,LVA,2002,2.65031
Latvia,LVA,2003,2.8365
Latvia,LVA,2004,2.46452
Latvia,LVA,2005,2.48104
Latvia,LVA,2006,2.64531
Latvia,LVA,2007,2.92541
Latvia,LVA,2008,3.18317
Latvia,LVA,2009,3.46347
Latvia,LVA,2010,4.54378
Latvia,LVA,2011,5.83495
Latvia,LVA,2012,6.59474
Latvia,LVA,2013,6.73467
Latvia,LVA,2014,6.71487
Latvia,LVA,2015,6.75407
Latvia,LVA,2016,6.6543
Latvia,LVA,2017,6.41161
Latvia,LVA,2018,6.3843
Latvia,LVA,2019,6.19674
Latvia,LVA,2020,6.32526
Latvia,LVA,2021,6.50197
Lebanon,LBN,1999,7.67904
Lebanon,LBN,2000,7.68848
Lebanon,LBN,2001,7.32471
Lebanon,LBN,2002,7.68444
Lebanon,LBN,2003,8.57735
Lebanon,LBN,2004,8.4123
Lebanon,LBN,2005,7.81298
Lebanon,LBN,2006,7.89495
Lebanon,LBN,2007,7.25745
Lebanon,LBN,2008,7.18955
Lebanon,LBN,2009,6.8461
Lebanon,LBN,2010,6.40355
Lebanon,LBN,2011,5.99723
Lebanon,LBN,2012,5.95746
Lebanon,LBN,2013,5.4904
Lebanon,LBN,2014,6.08883
Lebanon,LBN,2015,6.80609
Lebanon,LBN,2016,7.32031
Lebanon,LBN,2017,8.11217
Lebanon,LBN,2018,7.89213
Lebanon,LBN,2019,7.681
Lebanon,LBN,2020,8.18778
Lebanon,LBN,2021,8.66686
Lesotho,LSO,1999,30.52397
Lesotho,LSO,2000,39.14616
Lesotho,LSO,2001,40.94989
Lesotho,LSO,2002,73.73626
Lesotho,LSO,2003,76.65084
Lesotho,LSO,2005,52.21721
Lesotho,LSO,2006,46.34291
Lesotho,LSO,2012,11.32156
Lesotho,LSO,2013,11.9608
Lesotho,LSO,2014,12.35827
Lesotho,LSO,2015,12.74211
Lesotho,LSO,2017,13.39449
Lesotho,LSO,2018,14.01493
Liberia,LBR,1999,3.25899
Liberia,LBR,2000,1.31249
Liberia,LBR,2010,2.33892
Liberia,LBR,2012,1.70019
Libya,LBY,1999,0.54429
Libya,LBY,2000,0.58729
Libya,LBY,2001,0.69387
Libya,LBY,2002,0.71702
Libya,LBY,2003,0.70297
Liechtenstein,LIE,2003,147.19698
Liechtenstein,LIE,2004,128.82207
Liechtenstein,LIE,2005,131.6888
Liechtenstein,LIE,2006,134.38873
Liechtenstein,LIE,2007,132.23251
Liechtenstein,LIE,2008,107.89215
Liechtenstein,LIE,2009,119.5045
Liechtenstein,LIE,2010,123.3152
Liechtenstein,LIE,2011,100.04241
Liechtenstein,LIE,2012,97.69208
Liechtenstein,LIE,2014,116.72117
Liechtenstein,LIE,2015,133.92995
Liechtenstein,LIE,2016,132.86798
Liechtenstein,LIE,2017,129.81078
Liechtenstein,LIE,2018,127.68088
Liechtenstein,LIE,2019,129.41881
Liechtenstein,LIE,2020,127.3171
Liechtenstein,LIE,2021,124.51861
Lithuania,LTU,1998,3.75943
Lithuania,LTU,1999,3.31319
Lithuania,LTU,2000,3.29994
Lithuania,LTU,2001,3.56026
Lithuania,LTU,2002,3.45704
Lithuania,LTU,2003,3.51217
Lithuania,LTU,2004,3.02621
Lithuania,LTU,2005,3.026
Lithuania,LTU,2006,2.96811
Lithuania,LTU,2007,3.11407
Lithuania,LTU,2008,3.26726
Lithuania,LTU,2009,3.56638
Lithuania,LTU,2010,4.25922
Lithuania,LTU,2011,5.46256
Lithuania,LTU,2012,6.86321
Lithuania,LTU,2013,7.53222
Lithuania,LTU,2014,7.98624
Lithuania,LTU,2015,8.03636
Lithuania,LTU,2016,7.99992
Lithuania,LTU,2017,8.28799
Lithuania,LTU,2018,8.79913
Lithuania,LTU,2019,9.36633
Lithuania,LTU,2020,9.65526
Lithuania,LTU,2021,9.37377
Low income countries,,1997,5.89805
Low income countries,,1998,5.64218
Low income countries,,1999,5.08248
Low income countries,,2000,4.80941
Low income countries,,2001,4.57321
Low income countries,,2002,4.54316
Low income countries,,2003,4.38953
Low income countries,,2004,4.05624
Low income countries,,2005,3.85534
Low income countries,,2006,3.60861
Low income countries,,2007,3.46213
Low income countries,,2008,3.31503
Low income countries,,2009,3.07105
Low income countries,,2010,2.79577
Low income countries,,2011,3.04071
Low income countries,,2012,2.89542
Low income countries,,2013,3.20022
Low income countries,,2014,3.47333
Low income countries,,2015,3.76333
Low income countries,,2016,4.1444
Low income countries,,2017,4.20799
Low income countries,,2018,4.38154
Low income countries,,2019,4.72349
Low income countries,,2020,4.85146
Lower-middle income countries,,1997,2.20238
Lower-middle income countries,,1998,1.98436
Lower-middle income countries,,1999,1.8301
Lower-middle income countries,,2000,1.78913
Lower-middle income countries,,2001,1.80441
Lower-middle income countries,,2002,1.88658
Lower-middle income countries,,2003,2.00839
Lower-middle income countries,,2004,1.99355
Lower-middle income countries,,2005,2.05749
Lower-middle income countries,,2006,2.04303
Lower-middle income countries,,2007,1.98982
Lower-middle income countries,,2008,1.95181
Lower-middle income countries,,2009,1.96545
Lower-middle income countries,,2010,1.89669
Lower-middle income countries,,2011,1.71767
Lower-middle income countries,,2012,1.58538
Lower-middle income countries,,2013,1.62566
Lower-middle income countries,,2014,1.7093
Lower-middle income countries,,2015,1.82831
Lower-middle income countries,,2016,2.04132
Lower-middle income countries,,2017,2.14037
Lower-middle income countries,,2018,2.27384
Lower-middle income countries,,2019,2.40614
Lower-middle income countries,,2020,2.55564
Lower-middle income countries,,2021,2.51306
Luxembourg,LUX,1998,318.2714
Luxembourg,LUX,1999,287.63504
Luxembourg,LUX,2000,293.3515
Luxembourg,LUX,2001,290.19913
Luxembourg,LUX,2002,251.92284
Luxembourg,LUX,2003,250.22034
Luxembourg,LUX,2006,291.17877
Luxembourg,LUX,2008,230.12733
Luxembourg,LUX,2010,135.82938
Luxembourg,LUX,2012,126.6542
Luxembourg,LUX,2015,145.86916
Luxembourg,LUX,2016,152.27228
Luxembourg,LUX,2017,156.15527
Luxembourg,LUX,2018,164.49605
Luxembourg,LUX,2019,170.4618
Luxembourg,LUX,2020,170.76933
Luxembourg,LUX,2021,170.83914
Macao,MAC,1999,10.5122
Macao,MAC,2000,10.96239
Macao,MAC,2001,6.07316
Macao,MAC,2002,4.41443
Macao,MAC,2003,3.63505
Macao,MAC,2004,3.50997
Macao,MAC,2005,4.2152
Macao,MAC,2006,4.39295
Macao,MAC,2007,5.25861
Macao,MAC,2008,5.49883
Macao,MAC,2009,5.54782
Macao,MAC,2010,6.01782
Macao,MAC,2011,6.07023
Macao,MAC,2012,7.06845
Macao,MAC,2013,7.86686
Macao,MAC,2014,7.02212
Macao,MAC,2015,8.70851
Macao,MAC,2016,8.29775
Macao,MAC,2017,10.69765
Macao,MAC,2018,8.19617
Macao,MAC,2019,8.21415
Macao,MAC,2020,7.61501
Macao,MAC,2021,6.4247
Madagascar,MDG,1998,8.55723
Madagascar,MDG,1999,8.53896
Madagascar,MDG,2000,8.96069
Madagascar,MDG,2001,9.54377
Madagascar,MDG,2002,10.61304
Madagascar,MDG,2003,11.69002
Madagascar,MDG,2004,9.60189
Madagascar,MDG,2005,9.36437
Madagascar,MDG,2006,8.72192
Madagascar,MDG,2007,7.24735
Madagascar,MDG,2008,6.78613
Madagascar,MDG,2009,6.27757
Madagascar,MDG,2010,5.83549
Madagascar,MDG,2011,5.59721
Madagascar,MDG,2012,5.41275
Madagascar,MDG,2013,4.4215
Madagascar,MDG,2014,3.85148
Madagascar,MDG,2015,3.79228
Madagascar,MDG,2016,3.73034
Madagascar,MDG,2017,3.46682
Madagascar,MDG,2018,3.21517
Madagascar,MDG,2019,3.10629
Madagascar,MDG,2020,3.08898
Malawi,MWI,1999,76.40768
Malawi,MWI,2000,66.49222
Malawi,MWI,2001,59.11631
Malawi,MWI,2002,55.20491
Malawi,MWI,2003,54.9665
Malawi,MWI,2004,48.89476
Malawi,MWI,2005,50.35518
Malawi,MWI,2006,47.10739
Malawi,MWI,2007,49.40245
Malawi,MWI,2010,32.71071
Malawi,MWI,2011,29.82198
Malaysia,MYS,1998,13.43711
Malaysia,MYS,1999,11.57372
Malaysia,MYS,2000,8.63059
Malaysia,MYS,2001,8.51803
Malaysia,MYS,2002,7.66826
Malaysia,MYS,2003,7.02923
Malaysia,MYS,2004,6.75828
Malaysia,MYS,2005,6.84288
Malaysia,MYS,2006,6.76874
Malaysia,MYS,2007,6.66968
Malaysia,MYS,2008,6.2176
Malaysia,MYS,2009,6.03862
Malaysia,MYS,2010,5.62631
Malaysia,MYS,2011,5.73244
Malaysia,MYS,2012,5.50305
Malaysia,MYS,2013,5.35762
Malaysia,MYS,2014,5.5417
Malaysia,MYS,2015,4.97104
Malaysia,MYS,2016,4.86961
Malaysia,MYS,2017,5.10686
Malaysia,MYS,2018,4.87103
Malaysia,MYS,2019,4.97454
Malaysia,MYS,2020,4.80639
Malaysia,MYS,2021,4.25523
Maldives,MDV,2003,1681.0176
Maldives,MDV,2007,33.87649
Maldives,MDV,2008,41.65196
Maldives,MDV,2014,39.33049
Maldives,MDV,2017,20.24628
Maldives,MDV,2019,21.89348
Mali,MLI,1998,19.8599
Mali,MLI,1999,14.82692
Mali,MLI,2000,14.56113
Mali,MLI,2001,14.64594
Mali,MLI,2002,15.80117
Mali,MLI,2008,7.60908
Mali,MLI,2009,6.81197
Mali,MLI,2010,7.13239
Mali,MLI,2011,8.32319
Mali,MLI,2012,6.54915
Mali,MLI,2013,7.70663
Mali,MLI,2014,8.94131
Mali,MLI,2015,10.14798
Malta,MLT,1998,7.37476
Malta,MLT,1999,8.38756
Malta,MLT,2000,9.33529
Malta,MLT,2001,8.01735
Malta,MLT,2002,8.64543
Malta,MLT,2003,6.66326
Malta,MLT,2004,8.80411
Malta,MLT,2005,8.23157
Malta,MLT,2006,10.49205
Malta,MLT,2007,10.32065
Malta,MLT,2008,10.76701
Malta,MLT,2009,10.92197
Malta,MLT,2010,11.20327
Malta,MLT,2011,10.92355
Malta,MLT,2012,11.19957
Malta,MLT,2013,15.12824
Malta,MLT,2014,9.7687
Malta,MLT,2015,8.88885
Malta,MLT,2016,7.68367
Malta,MLT,2017,7.39616
Malta,MLT,2018,7.50627
Malta,MLT,2019,7.42354
Malta,MLT,2020,7.11015
Malta,MLT,2021,6.33828
Marshall Islands,MHL,2002,22.71595
Marshall Islands,MHL,2012,19.08241
Marshall Islands,MHL,2019,11.39812
Mauritania,MRT,1998,23.43074
Mauritania,MRT,1999,21.19342
Mauritania,MRT,2001,24.70892
Mauritania,MRT,2002,26.52353
Mauritania,MRT,2003,26.40785
Mauritania,MRT,2004,27.67236
Mauritania,MRT,2005,28.04694
Mauritania,MRT,2006,27.89952
Mauritania,MRT,2007,25.78104
Mauritania,MRT,2008,26.84363
Mauritania,MRT,2009,27.24794
Mauritania,MRT,2010,26.22889
Mauritania,MRT,2011,24.05377
Mauritania,MRT,2012,20.86896
Mauritania,MRT,2013,19.57628
Mauritania,MRT,2015,22.03515
Mauritania,MRT,2016,22.79331
Mauritania,MRT,2017,23.53144
Mauritania,MRT,2018,24.45369
Mauritania,MRT,2019,20.30588
Mauritania,MRT,2020,20.32247
Mauritius,MUS,1999,41.24711
Mauritius,MUS,2000,45.00098
Mauritius,MUS,2001,33.98426
Mauritius,MUS,2002,45.80555
Mauritius,MUS,2003,48.35853
Mauritius,MUS,2004,46.8052
Mauritius,MUS,2005,40.46229
Mauritius,MUS,2006,38.76869
Mauritius,MUS,2007,37.08773
Mauritius,MUS,2008,33.59809
Mauritius,MUS,2009,28.68706
Mauritius,MUS,2010,24.65085
Mauritius,MUS,2011,21.76874
Mauritius,MUS,2012,18.4961
Mauritius,MUS,2013,17.41941
Mauritius,MUS,2014,18.30956
Mauritius,MUS,2015,19.72523
Mauritius,MUS,2016,20.18211
Mauritius,MUS,2017,22.1986
Mauritius,MUS,2018,20.2334
Mauritius,MUS,2019,19.57791
Mauritius,MUS,2020,19.33725
Mauritius,MUS,2021,17.25729
Mexico,MEX,1998,0.86247
Mexico,MEX,1999,0.829
Mexico,MEX,2000,0.80422
Mexico,MEX,2001,0.88471
Mexico,MEX,2002,0.94123
Mexico,MEX,2003,1.00496
Mexico,MEX,2004,0.95974
Mexico,MEX,2005,1.01198
Mexico,MEX,2006,0.98723
Mexico,MEX,2007,1.00392
Mexico,MEX,2008,0.97
Mexico,MEX,2009,0.9888
Mexico,MEX,2010,0.95711
Mexico,MEX,2011,0.92247
Mexico,MEX,2012,0.88376
Mexico,MEX,2013,0.84999
Mexico,MEX,2014,0.83518
Mexico,MEX,2015,0.85683
Mexico,MEX,2016,0.7817
Mexico,MEX,2017,0.77243
Mexico,MEX,2018,0.73681
Mexico,MEX,2019,0.72613
Mexico,MEX,2020,0.70528
Mexico,MEX,2021,0.65801
Middle East & North Africa (WB),,1997,3.65507
Middle East & North Africa (WB),,1998,3.35146
Middle East & North Africa (WB),,1999,3.05379
Middle East & North Africa (WB),,2000,3.03217
Middle East & North Africa (WB),,2001,2.97714
Middle East & North Africa (WB),,2002,2.94004
Middle East & North Africa (WB),,2003,3.00027
Middle East & North Africa (WB),,2004,2.80132
Middle East & North Africa (WB),,2005,2.70518
Middle East & North Africa (WB),,2006,2.73739
Middle East & North Africa (WB),,2007,2.63989
Middle East & North Africa (WB),,2008,2.6385
Middle East & North Africa (WB),,2009,2.77429
Middle East & North Africa (WB),,2010,2.76472
Middle East & North Africa (WB),,2011,2.92019
Middle East & North Africa (WB),,2012,2.93167
Middle East & North Africa (WB),,2013,2.95495
Middle East & North Africa (WB),,2014,3.12515
Middle East & North Africa (WB),,2015,3.20949
Middle East & North Africa (WB),,2016,3.55782
Middle East & North Africa (WB),,2017,3.58666
Middle East & North Africa (WB),,2018,3.78157
Middle East & North Africa (WB),,2019,3.92067
Middle East & North Africa (WB),,2020,4.07419
Middle East & North Africa (WB),,2021,4.23583
Moldova,MDA,1999,9.0005
Moldova,MDA,2000,9.15997
Moldova,MDA,2001,8.04125
Moldova,MDA,2002,7.79078
Moldova,MDA,2003,7.60716
Moldova,MDA,2004,7.71075
Moldova,MDA,2005,7.59541
Moldova,MDA,2006,6.60432
Moldova,MDA,2007,6.73586
Moldova,MDA,2008,10.39959
Moldova,MDA,2009,9.32381
Moldova,MDA,2010,11.54299
Moldova,MDA,2011,13.67921
Moldova,MDA,2012,13.65998
Moldova,MDA,2013,15.34817
Moldova,MDA,2014,18.1739
Moldova,MDA,2015,17.98051
Moldova,MDA,2016,19.61253
Moldova,MDA,2017,19.5661
Moldova,MDA,2018,23.99773
Moldova,MDA,2019,20.72201
Moldova,MDA,2020,20.09933
Moldova,MDA,2021,20.72106
Monaco,MCO,2016,48.88168
Monaco,MCO,2017,49.84852
Monaco,MCO,2018,39.25474
Monaco,MCO,2019,52.34515
Monaco,MCO,2020,54.09951
Monaco,MCO,2021,44.13908
Mongolia,MNG,1998,3.47913
Mongolia,MNG,1999,3.06563
Mongolia,MNG,2000,3.03403
Mongolia,MNG,2001,3.01798
Mongolia,MNG,2002,3.20556
Mongolia,MNG,2003,3.3793
Mongolia,MNG,2004,3.38378
Mongolia,MNG,2005,3.30489
Mongolia,MNG,2006,3.26668
Mongolia,MNG,2007,3.73645
Mongolia,MNG,2008,4.94155
Mongolia,MNG,2009,5.17484
Mongolia,MNG,2010,5.66588
Mongolia,MNG,2011,5.93389
Mongolia,MNG,2012,5.86014
Mongolia,MNG,2013,5.1726
Mongolia,MNG,2014,5.48249
Mongolia,MNG,2015,5.41954
Mongolia,MNG,2016,6.24191
Mongolia,MNG,2017,6.73265
Mongolia,MNG,2018,7.72537
Mongolia,MNG,2019,8.52069
Montenegro,MNE,2006,8.80661
Montenegro,MNE,2007,7.02601
Montenegro,MNE,2008,27.75141
Montenegro,MNE,2009,22.62862
Montenegro,MNE,2010,20.68404
Montenegro,MNE,2011,18.64125
Montenegro,MNE,2012,17.40601
Montenegro,MNE,2013,17.01275
Montenegro,MNE,2014,16.05637
Montenegro,MNE,2015,17.25021
Montenegro,MNE,2016,19.34605
Montenegro,MNE,2017,20.20163
Montenegro,MNE,2018,21.8661
Montenegro,MNE,2019,23.13902
Montenegro,MNE,2020,22.67962
Montenegro,MNE,2021,23.01926
Montserrat,MSR,2008,100.75256
Montserrat,MSR,2009,88.27777
Montserrat,MSR,2010,92.8129
Morocco,MAR,1998,14.00108
Morocco,MAR,1999,13.16297
Morocco,MAR,2000,13.51281
Morocco,MAR,2001,13.68135
Morocco,MAR,2002,15.15789
Morocco,MAR,2003,15.2575
Morocco,MAR,2004,12.68839
Morocco,MAR,2005,11.14874
Morocco,MAR,2006,10.92923
Morocco,MAR,2007,10.75008
Morocco,MAR,2008,10.26881
Morocco,MAR,2009,10.02363
Morocco,MAR,2010,9.62384
Morocco,MAR,2011,8.68263
Morocco,MAR,2012,7.36129
Morocco,MAR,2013,5.70106
Morocco,MAR,2014,5.37669
Morocco,MAR,2015,5.12831
Morocco,MAR,2016,4.88698
Morocco,MAR,2017,5.07848
Morocco,MAR,2018,5.00936
Morocco,MAR,2019,5.06299
Morocco,MAR,2020,5.25523
Morocco,MAR,2021,5.47961
Mozambique,MOZ,1999,18.03914
Mozambique,MOZ,2000,18.32573
Mozambique,MOZ,2001,19.35711
Mozambique,MOZ,2002,17.39292
Mozambique,MOZ,2003,14.0922
Mozambique,MOZ,2004,11.78286
Mozambique,MOZ,2005,10.31876
Mozambique,MOZ,2006,6.61054
Mozambique,MOZ,2007,4.02795
Mozambique,MOZ,2008,2.56277
Mozambique,MOZ,2009,2.62656
Mozambique,MOZ,2010,2.01888
Mozambique,MOZ,2011,1.83366
Mozambique,MOZ,2012,1.35792
Mozambique,MOZ,2013,1.38458
Mozambique,MOZ,2014,1.29342
Mozambique,MOZ,2015,1.39674
Mozambique,MOZ,2016,1.3492
Mozambique,MOZ,2017,1.45975
Mozambique,MOZ,2018,1.43743
Myanmar,MMR,1998,0.42483
Myanmar,MMR,2001,0.35247
Myanmar,MMR,2007,0.75654
Myanmar,MMR,2011,1.09955
Myanmar,MMR,2012,1.1184
Myanmar,MMR,2018,1.14826
Namibia,NAM,1998,36.03354
Namibia,NAM,2001,48.6977
Namibia,NAM,2002,57.54091
Namibia,NAM,2003,63.53697
Namibia,NAM,2005,51.82239
Namibia,NAM,2006,61.26321
Namibia,NAM,2008,45.90085
Namibia,NAM,2014,10.12382
Namibia,NAM,2015,10.68465
Namibia,NAM,2016,9.83962
Namibia,NAM,2017,9.12444
Namibia,NAM,2018,9.27226
Namibia,NAM,2019,7.70377
Namibia,NAM,2020,7.05285
Nepal,NPL,2000,5.79028
Nepal,NPL,2001,6.24913
Nepal,NPL,2002,6.51127
Nepal,NPL,2003,6.83309
Nepal,NPL,2004,6.0629
Nepal,NPL,2005,5.55663
Nepal,NPL,2006,5.76401
Nepal,NPL,2007,5.75732
Nepal,NPL,2008,6.16329
Nepal,NPL,2009,7.13335
Nepal,NPL,2010,6.35502
Nepal,NPL,2011,7.13058
Nepal,NPL,2013,6.74265
Nepal,NPL,2014,7.79373
Nepal,NPL,2015,9.10744
Nepal,NPL,2016,13.70007
Nepal,NPL,2017,17.3376
Nepal,NPL,2018,20.27235
Nepal,NPL,2019,21.30605
Nepal,NPL,2020,22.35098
Nepal,NPL,2021,19.04427
Netherlands,NLD,1998,2.41951
Netherlands,NLD,1999,2.46592
Netherlands,NLD,2000,2.3209
Netherlands,NLD,2001,2.18152
Netherlands,NLD,2002,2.12778
Netherlands,NLD,2003,2.19435
Netherlands,NLD,2004,1.41196
Netherlands,NLD,2005,1.65246
Netherlands,NLD,2006,1.72537
Netherlands,NLD,2007,1.77928
Netherlands,NLD,2008,1.38204
Netherlands,NLD,2009,1.80293
Netherlands,NLD,2010,1.92757
Netherlands,NLD,2011,1.73629
Netherlands,NLD,2012,1.88113
Netherlands,NLD,2015,1.80633
Netherlands,NLD,2016,2.03487
Netherlands,NLD,2017,2.11139
Netherlands,NLD,2018,1.97191
Netherlands,NLD,2020,2.07467
Netherlands,NLD,2021,1.86918
New Zealand,NZL,2013,2.10936
New Zealand,NZL,2014,1.95626
New Zealand,NZL,2015,1.95518
New Zealand,NZL,2016,2.06264
New Zealand,NZL,2017,1.78723
New Zealand,NZL,2018,1.88262
New Zealand,NZL,2019,2.04254
New Zealand,NZL,2020,2.01319
New Zealand,NZL,2021,1.77056
Nicaragua,NIC,2002,1.9994
Niger,NER,2003,35.16878
Niger,NER,2004,38.15993
Niger,NER,2005,32.67094
Niger,NER,2006,35.51473
Niger,NER,2007,38.25143
Niger,NER,2008,32.24106
Niger,NER,2009,25.1353
Niger,NER,2010,25.33285
Niger,NER,2011,25.01093
Niger,NER,2012,19.51267
Niger,NER,2015,12.19785
Niger,NER,2016,10.50246
Niger,NER,2017,8.95805
Niger,NER,2018,7.81008
Niger,NER,2019,9.02542
Nigeria,NGA,1999,3.21481
Nigeria,NGA,2003,2.26553
Nigeria,NGA,2004,2.37308
Nigeria,NGA,2005,2.46492
Nigeria,NGA,2010,3.79015
Nigeria,NGA,2011,3.76911
North America (WB),,1997,0.46523
North America (WB),,1998,0.48873
North America (WB),,1999,0.49898
North America (WB),,2000,0.50797
North America (WB),,2001,0.52912
North America (WB),,2002,0.55147
North America (WB),,2003,0.55116
North America (WB),,2004,0.54753
North America (WB),,2005,0.56219
North America (WB),,2006,0.56946
North America (WB),,2007,0.58163
North America (WB),,2008,0.56483
North America (WB),,2009,0.56503
North America (WB),,2010,0.56082
North America (WB),,2011,0.56322
North America (WB),,2012,0.56744
North America (WB),,2013,0.57671
North America (WB),,2014,0.59811
North America (WB),,2015,0.62707
North America (WB),,2016,0.65262
North America (WB),,2017,0.66816
North America (WB),,2018,0.6614
North America (WB),,2019,0.7417
North America (WB),,2020,0.78307
North America (WB),,2021,0.76247
North Korea,PRK,2009,0.38006
North Korea,PRK,2011,0.24346
North Korea,PRK,2015,0.28547
North Korea,PRK,2018,0.2599
North Macedonia,MKD,1998,7.23602
North Macedonia,MKD,1999,5.95601
North Macedonia,MKD,2000,8.21961
North Macedonia,MKD,2001,9.36595
North Macedonia,MKD,2002,9.76067
North Macedonia,MKD,2003,11.02395
North Macedonia,MKD,2004,12.42839
North Macedonia,MKD,2005,13.0868
North Macedonia,MKD,2006,14.27779
North Macedonia,MKD,2007,11.51877
North Macedonia,MKD,2008,9.18173
North Macedonia,MKD,2009,8.64732
North Macedonia,MKD,2010,8.3485
North Macedonia,MKD,2012,7.09698
North Macedonia,MKD,2013,6.50588
North Macedonia,MKD,2014,6.31258
North Macedonia,MKD,2015,7.44658
North Macedonia,MKD,2017,8.91258
North Macedonia,MKD,2018,9.49378
North Macedonia,MKD,2019,9.49552
North Macedonia,MKD,2020,10.35106
North Macedonia,MKD,2021,10.66009
Northern Africa and Western Asia (SDG),,1997,3.94734
Northern Africa and Western Asia (SDG),,1998,3.7048
Northern Africa and Western Asia (SDG),,1999,3.38291
Northern Africa and Western Asia (SDG),,2000,3.4064
Northern Africa and Western Asia (SDG),,2001,3.35259
Northern Africa and Western Asia (SDG),,2002,3.23974
Northern Africa and Western Asia (SDG),,2003,3.28497
Northern Africa and Western Asia (SDG),,2004,3.11247
Northern Africa and Western Asia (SDG),,2005,3.01216
Northern Africa and Western Asia (SDG),,2006,2.99699
Northern Africa and Western Asia (SDG),,2007,3.00015
Northern Africa and Western Asia (SDG),,2008,3.11822
Northern Africa and Western Asia (SDG),,2009,3.12146
Northern Africa and Western Asia (SDG),,2010,3.07205
Northern Africa and Western Asia (SDG),,2011,3.2288
Northern Africa and Western Asia (SDG),,2012,3.16117
Northern Africa and Western Asia (SDG),,2013,3.05408
Northern Africa and Western Asia (SDG),,2014,3.24533
Northern Africa and Western Asia (SDG),,2015,3.26477
Northern Africa and Western Asia (SDG),,2016,3.37222
Northern Africa and Western Asia (SDG),,2017,3.24217
Northern Africa and Western Asia (SDG),,2018,3.25948
Northern Africa and Western Asia (SDG),,2019,3.27121
Northern Africa and Western Asia (SDG),,2020,3.31091
Northern Africa and Western Asia (SDG),,2021,3.3727
Norway,NOR,1998,5.99915
Norway,NOR,1999,6.57076
Norway,NOR,2000,6.8712
Norway,NOR,2001,7.48833
Norway,NOR,2002,7.66283
Norway,NOR,2003,7.12492
Norway,NOR,2004,6.25946
Norway,NOR,2005,5.75077
Norway,NOR,2006,5.65555
Norway,NOR,2007,5.65739
Norway,NOR,2008,5.48066
Norway,NOR,2009,5.82366
Norway,NOR,2010,6.32383
Norway,NOR,2011,6.81881
Norway,NOR,2012,6.97666
Norway,NOR,2013,7.10434
Norway,NOR,2014,6.93172
Norway,NOR,2015,6.99546
Norway,NOR,2016,6.79831
Norway,NOR,2017,6.23715
Norway,NOR,2018,5.96444
Norway,NOR,2019,5.96325
Norway,NOR,2020,5.43421
Norway,NOR,2021,4.81073
Oceania (excluding Australia and New Zealand) (SDG),,1997,30.25996
Oceania (excluding Australia and New Zealand) (SDG),,1998,33.37494
Oceania (excluding Australia and New Zealand) (SDG),,1999,31.92916
Oceania (excluding Australia and New Zealand) (SDG),,2000,31.90302
Oman,OMN,1998,50.56761
Oman,OMN,2003,26.67948
Oman,OMN,2004,25.98134
Oman,OMN,2005,21.17214
Oman,OMN,2006,18.99423
Oman,OMN,2007,17.03456
Oman,OMN,2008,17.169
Oman,OMN,2009,13.92565
Oman,OMN,2010,13.49316
Oman,OMN,2011,11.52324
Oman,OMN,2013,10.93091
Oman,OMN,2014,10.96792
Oman,OMN,2015,12.06267
Oman,OMN,2016,12.61815
Oman,OMN,2017,13.42601
Oman,OMN,2018,13.62095
Oman,OMN,2019,13.27203
Oman,OMN,2020,12.98032
Oman,OMN,2021,14.09771
Pakistan,PAK,2003,5.13052
Pakistan,PAK,2004,4.39037
Pakistan,PAK,2005,3.14298
Pakistan,PAK,2006,3.25775
Pakistan,PAK,2007,3.04359
Pakistan,PAK,2008,3.24973
Pakistan,PAK,2009,2.88712
Pakistan,PAK,2011,2.5476
Pakistan,PAK,2012,2.0942
Pakistan,PAK,2013,2.10629
Pakistan,PAK,2014,2.30922
Pakistan,PAK,2015,2.57628
Pakistan,PAK,2016,2.83348
Pakistan,PAK,2017,2.77473
Pakistan,PAK,2018,3.08636
Pakistan,PAK,2019,2.31063
Pakistan,PAK,2021,2.40823
Palau,PLW,2000,66.88203
Palau,PLW,2001,46.47321
Palau,PLW,2002,72.07792
Palau,PLW,2013,3.91466
Palestine,PSE,1998,18.11691
Palestine,PSE,1999,15.42651
Palestine,PSE,2000,14.47779
Palestine,PSE,2001,13.32837
Palestine,PSE,2002,12.36865
Palestine,PSE,2003,10.92331
Palestine,PSE,2004,9.46956
Palestine,PSE,2005,8.87774
Palestine,PSE,2006,8.40052
Palestine,PSE,2007,8.09278
Palestine,PSE,2008,8.07372
Palestine,PSE,2009,8.69885
Palestine,PSE,2010,7.91336
Palestine,PSE,2011,7.83039
Palestine,PSE,2012,8.81091
Palestine,PSE,2013,9.88174
Palestine,PSE,2014,11.45562
Palestine,PSE,2015,11.92053
Palestine,PSE,2016,12.91294
Palestine,PSE,2017,11.45616
Palestine,PSE,2018,12.35577
Palestine,PSE,2019,12.79503
Palestine,PSE,2020,13.19527
Palestine,PSE,2021,13.86009
Panama,PAN,1998,1.81167
Panama,PAN,1999,1.723
Panama,PAN,2000,1.59929
Panama,PAN,2001,1.65891
Panama,PAN,2002,1.5483
Panama,PAN,2003,1.63536
Panama,PAN,2004,1.6343
Panama,PAN,2005,1.70626
Panama,PAN,2006,1.69573
Panama,PAN,2007,1.8197
Panama,PAN,2008,1.9967
Panama,PAN,2009,2.01913
Panama,PAN,2010,2.01281
Panama,PAN,2011,1.69716
Panama,PAN,2012,1.84206
Panama,PAN,2014,1.93972
Panama,PAN,2015,1.83729
Panama,PAN,2016,1.88045
Panama,PAN,2020,2.22168
Panama,PAN,2021,2.00937
Papua New Guinea,PNG,1998,8.09413
Papua New Guinea,PNG,1999,7.97811
Paraguay,PRY,1999,1.56967
Paraguay,PRY,2000,1.33009
Paraguay,PRY,2001,1.87618
Paraguay,PRY,2002,1.72474
Paraguay,PRY,2003,2.25094
Paraguay,PRY,2004,2.57166
Paraguay,PRY,2005,3.00918
Paraguay,PRY,2007,3.49791
Paraguay,PRY,2008,3.24479
Paraguay,PRY,2009,3.25692
Paraguay,PRY,2010,3.74569
Peru,PER,1999,0.59738
Peru,PER,2000,0.78791
Peru,PER,2001,1.05108
Peru,PER,2002,1.2455
Peru,PER,2003,1.46017
Peru,PER,2004,1.4469
Peru,PER,2005,1.59363
Peru,PER,2006,1.77125
Peru,PER,2016,1.52484
Peru,PER,2017,1.66373
Philippines,PHL,1998,0.24576
Philippines,PHL,1999,0.2301
Philippines,PHL,2001,0.23779
Philippines,PHL,2002,0.253
Philippines,PHL,2003,0.28258
Philippines,PHL,2004,0.30049
Philippines,PHL,2005,0.30987
Philippines,PHL,2006,0.30203
Philippines,PHL,2008,0.30328
Philippines,PHL,2009,0.34985
Philippines,PHL,2010,0.40706
Philippines,PHL,2011,0.38077
Philippines,PHL,2012,0.36651
Philippines,PHL,2013,0.35347
Philippines,PHL,2014,0.37307
Philippines,PHL,2015,0.38443
Philippines,PHL,2016,0.40242
Philippines,PHL,2017,0.48404
Philippines,PHL,2018,0.6341
Philippines,PHL,2019,0.70511
Philippines,PHL,2020,0.77512
Philippines,PHL,2021,0.71961
Poland,POL,1998,1.12115
Poland,POL,1999,0.96148
Poland,POL,2000,0.90415
Poland,POL,2001,0.8697
Poland,POL,2002,0.8657
Poland,POL,2003,0.93716
Poland,POL,2004,0.87553
Poland,POL,2005,0.94205
Poland,POL,2006,1.05407
Poland,POL,2007,1.18841
Poland,POL,2008,1.24302
Poland,POL,2009,1.30235
Poland,POL,2010,1.28223
Poland,POL,2011,1.28793
Poland,POL,2012,1.29225
Poland,POL,2013,1.22368
Poland,POL,2014,1.35121
Poland,POL,2015,1.43291
Poland,POL,2016,1.51436
Poland,POL,2017,1.62299
Poland,POL,2018,1.76665
Poland,POL,2019,1.78596
Poland,POL,2020,1.90774
Poland,POL,2021,2.02923
Portugal,PRT,1998,2.67607
Portugal,PRT,1999,2.72878
Portugal,PRT,2015,3.62192
Portugal,PRT,2016,3.75702
Portugal,PRT,2017,4.06926
Portugal,PRT,2018,4.23274
Portugal,PRT,2019,5.79234
Portugal,PRT,2020,6.00068
Portugal,PRT,2021,5.89682
Puerto Rico,PRI,2012,0.25399
Puerto Rico,PRI,2013,0.28168
Puerto Rico,PRI,2014,0.31638
Puerto Rico,PRI,2015,0.2904
Puerto Rico,PRI,2016,0.35998
Puerto Rico,PRI,2018,0.38901
Qatar,QAT,1998,12.64261
Qatar,QAT,1999,12.91667
Qatar,QAT,2001,15.46967
Qatar,QAT,2002,14.93431
Qatar,QAT,2003,15.55252
Qatar,QAT,2004,14.18675
Qatar,QAT,2005,18.99791
Qatar,QAT,2006,18.99972
Qatar,QAT,2007,19.38996
Qatar,QAT,2008,18.76247
Qatar,QAT,2009,19.67066
Qatar,QAT,2010,20.59615
Qatar,QAT,2011,18.96043
Qatar,QAT,2012,20.57184
Qatar,QAT,2013,23.32183
Qatar,QAT,2014,18.22527
Qatar,QAT,2015,19.7069
Qatar,QAT,2016,22.12411
Qatar,QAT,2017,21.04774
Qatar,QAT,2018,26.80115
Qatar,QAT,2019,24.57896
Qatar,QAT,2020,21.99757
Qatar,QAT,2021,19.02416
Romania,ROU,1998,3.08522
Romania,ROU,1999,2.72515
Romania,ROU,2000,2.85142
Romania,ROU,2001,2.83716
Romania,ROU,2002,2.81759
Romania,ROU,2003,2.77949
Romania,ROU,2004,2.65215
Romania,ROU,2005,2.48854
Romania,ROU,2006,2.43545
Romania,ROU,2007,2.2168
Romania,ROU,2008,2.04522
Romania,ROU,2009,2.07892
Romania,ROU,2010,2.49699
Romania,ROU,2011,3.24873
Romania,ROU,2012,4.4976
Romania,ROU,2013,5.26795
Romania,ROU,2014,5.65912
Romania,ROU,2015,5.9632
Romania,ROU,2016,6.34328
Romania,ROU,2017,6.77893
Romania,ROU,2018,6.96746
Romania,ROU,2019,5.85461
Romania,ROU,2020,5.79846
Romania,ROU,2021,6.12488
Russia,RUS,1998,0.57539
Russia,RUS,1999,0.5339
Russia,RUS,2000,0.4916
Russia,RUS,2001,0.44632
Russia,RUS,2002,0.43424
Russia,RUS,2003,0.41723
Russia,RUS,2004,0.41612
Russia,RUS,2005,0.40885
Russia,RUS,2006,0.43135
Russia,RUS,2007,0.44062
Russia,RUS,2008,0.47372
Russia,RUS,2009,0.50713
Russia,RUS,2011,0.59859
Russia,RUS,2012,0.63774
Russia,RUS,2013,0.6833
Russia,RUS,2014,0.79942
Russia,RUS,2015,0.8708
Russia,RUS,2016,0.92691
Russia,RUS,2017,0.97023
Russia,RUS,2018,0.99691
Russia,RUS,2019,0.92971
Rwanda,RWA,1999,53.94505
Rwanda,RWA,2000,34.84171
Rwanda,RWA,2001,26.59957
Rwanda,RWA,2002,23.76359
Rwanda,RWA,2003,17.18441
Rwanda,RWA,2004,13.45429
Rwanda,RWA,2005,12.9206
Rwanda,RWA,2006,10.42726
Rwanda,RWA,2007,9.75583
Rwanda,RWA,2008,9.61899
Rwanda,RWA,2009,8.48518
Rwanda,RWA,2010,7.90956
Rwanda,RWA,2011,7.65427
Rwanda,RWA,2012,8.59373
Rwanda,RWA,2013,8.61866
Rwanda,RWA,2014,8.06176
Rwanda,RWA,2015,6.35825
Rwanda,RWA,2016,5.66598
Rwanda,RWA,2017,5.86909
Rwanda,RWA,2018,6.62756
Rwanda,RWA,2019,7.68845
Rwanda,RWA,2020,6.81438
Saint Kitts and Nevis,KNA,2008,55.74754
Saint Kitts and Nevis,KNA,2014,12.00109
Saint Kitts and Nevis,KNA,2015,13.09456
Saint Lucia,LCA,2004,49.0992
Saint Lucia,LCA,2005,51.42145
Saint Lucia,LCA,2006,66.44263
Saint Lucia,LCA,2007,89.23107
Saint Lucia,LCA,2008,47.63677
Saint Lucia,LCA,2009,45.16475
Saint Lucia,LCA,2010,61.78862
Saint Lucia,LCA,2011,45.72195
Saint Lucia,LCA,2012,66.91357
Saint Lucia,LCA,2013,40.99649
Saint Lucia,LCA,2014,32.84179
Saint Lucia,LCA,2015,30.42633
Saint Lucia,LCA,2016,26.80905
Saint Lucia,LCA,2017,25.81789
Saint Lucia,LCA,2018,38.19977
Saint Lucia,LCA,2019,35.02133
Saint Lucia,LCA,2020,34.37511
Saint Vincent and the Grenadines,VCT,2014,33.40043
Saint Vincent and the Grenadines,VCT,2015,33.06832
Samoa,WSM,1998,65.58704
Samoa,WSM,1999,52.43185
Samoa,WSM,2000,81.05108
Samoa,WSM,2017,42.44401
Samoa,WSM,2018,41.84579
Samoa,WSM,2019,42.92948
Samoa,WSM,2020,32.74456
Samoa,WSM,2021,31.429
San Marino,SMR,2000,75.14154
San Marino,SMR,2008,85.94743
San Marino,SMR,2010,85.86387
San Marino,SMR,2011,89.1075
San Marino,SMR,2012,143.76575
San Marino,SMR,2018,128.50998
San Marino,SMR,2019,1125.6918
San Marino,SMR,2020,129.36684
San Marino,SMR,2021,61.85323
Sao Tome and Principe,STP,2009,106.62609
Sao Tome and Principe,STP,2010,76.03931
Sao Tome and Principe,STP,2012,37.79648
Sao Tome and Principe,STP,2014,39.55267
Sao Tome and Principe,STP,2015,27.47175
Saudi Arabia,SAU,1998,3.41464
Saudi Arabia,SAU,1999,2.81652
Saudi Arabia,SAU,2000,2.56678
Saudi Arabia,SAU,2001,2.503
Saudi Arabia,SAU,2002,2.39718
Saudi Arabia,SAU,2003,2.10858
Saudi Arabia,SAU,2004,2.06586
Saudi Arabia,SAU,2005,2.10474
Saudi Arabia,SAU,2006,2.91574
Saudi Arabia,SAU,2007,3.76138
Saudi Arabia,SAU,2008,4.64457
Saudi Arabia,SAU,2009,5.55127
Saudi Arabia,SAU,2010,6.0791
Saudi Arabia,SAU,2011,6.09456
Saudi Arabia,SAU,2012,5.74333
Saudi Arabia,SAU,2013,5.52709
Saudi Arabia,SAU,2014,5.62544
Saudi Arabia,SAU,2015,5.64475
Saudi Arabia,SAU,2016,5.56187
Saudi Arabia,SAU,2017,5.01178
Saudi Arabia,SAU,2018,4.77697
Saudi Arabia,SAU,2019,4.05814
Saudi Arabia,SAU,2020,3.67403
Saudi Arabia,SAU,2021,3.16902
Senegal,SEN,1999,19.33932
Senegal,SEN,2004,20.93978
Senegal,SEN,2005,19.68579
Senegal,SEN,2006,19.66216
Senegal,SEN,2007,17.21112
Senegal,SEN,2008,13.68893
Senegal,SEN,2009,13.02066
Senegal,SEN,2010,13.74079
Senegal,SEN,2011,10.18184
Senegal,SEN,2012,9.6722
Senegal,SEN,2013,8.40381
Senegal,SEN,2014,8.5134
Senegal,SEN,2015,8.54389
Senegal,SEN,2016,8.34532
Senegal,SEN,2017,7.89355
Senegal,SEN,2018,7.5158
Senegal,SEN,2019,7.70816
Senegal,SEN,2020,7.53159
Senegal,SEN,2021,7.18921
Serbia,SRB,2001,5.20349
Serbia,SRB,2002,5.25134
Serbia,SRB,2003,4.89137
Serbia,SRB,2004,4.44735
Serbia,SRB,2005,4.28189
Serbia,SRB,2006,4.35818
Serbia,SRB,2007,4.63944
Serbia,SRB,2008,4.55027
Serbia,SRB,2009,4.97969
Serbia,SRB,2010,5.29328
Serbia,SRB,2011,5.63707
Serbia,SRB,2012,5.32525
Serbia,SRB,2013,5.30109
Serbia,SRB,2014,5.79475
Serbia,SRB,2015,5.71931
Serbia,SRB,2016,5.97353
Serbia,SRB,2017,6.18554
Serbia,SRB,2018,6.12462
Serbia,SRB,2019,5.48474
Serbia,SRB,2020,6.19572
Serbia,SRB,2021,6.20892
Seychelles,SYC,2011,220.56998
Seychelles,SYC,2012,479.13657
Seychelles,SYC,2013,198.5907
Seychelles,SYC,2014,93.42748
Seychelles,SYC,2015,40.18973
Seychelles,SYC,2016,41.27001
Seychelles,SYC,2017,36.97549
Seychelles,SYC,2018,49.25873
Seychelles,SYC,2019,49.71647
Seychelles,SYC,2020,68.5766
Seychelles,SYC,2021,54.15777
Sierra Leone,SLE,2000,12.40639
Sierra Leone,SLE,2001,9.34262
Sierra Leone,SLE,2002,9.59217
Singapore,SGP,2007,10.49847
Singapore,SGP,2008,9.59882
Singapore,SGP,2009,9.53034
Singapore,SGP,2010,8.8327
Singapore,SGP,2011,8.76667
Singapore,SGP,2012,8.63171
Sint Maarten (Dutch part),SXM,2012,4.69588
Sint Maarten (Dutch part),SXM,2014,50.40128
Sint Maarten (Dutch part),SXM,2015,48.93399
Sint Maarten (Dutch part),SXM,2017,46.57071
Slovakia,SVK,1998,3.77004
Slovakia,SVK,1999,3.6481
Slovakia,SVK,2000,4.44085
Slovakia,SVK,2001,6.18731
Slovakia,SVK,2002,7.10068
Slovakia,SVK,2003,8.73263
Slovakia,SVK,2004,8.87712
Slovakia,SVK,2005,9.6876
Slovakia,SVK,2006,10.94907
Slovakia,SVK,2007,10.89381
Slovakia,SVK,2008,11.37346
Slovakia,SVK,2009,11.92822
Slovakia,SVK,2010,13.03645
Slovakia,SVK,2011,14.50893
Slovakia,SVK,2012,14.90853
Slovakia,SVK,2013,15.84744
Slovakia,SVK,2014,16.20249
Slovakia,SVK,2015,17.09101
Slovakia,SVK,2016,19.10945
Slovakia,SVK,2017,20.79738
Slovakia,SVK,2018,21.77156
Slovakia,SVK,2019,15.70811
Slovakia,SVK,2020,22.32592
Slovakia,SVK,2021,22.06297
Slovenia,SVN,1998,2.24437
Slovenia,SVN,1999,1.95764
Slovenia,SVN,2000,2.04138
Slovenia,SVN,2001,2.02213
Slovenia,SVN,2002,1.95461
Slovenia,SVN,2003,2.11553
Slovenia,SVN,2004,2.19309
Slovenia,SVN,2005,2.08453
Slovenia,SVN,2006,2.1016
Slovenia,SVN,2007,2.03252
Slovenia,SVN,2008,2.03575
Slovenia,SVN,2009,2.17211
Slovenia,SVN,2010,2.17495
Slovenia,SVN,2011,2.43542
Slovenia,SVN,2012,2.39759
Slovenia,SVN,2013,2.67636
Slovenia,SVN,2014,2.76401
Slovenia,SVN,2015,3.18615
Slovenia,SVN,2016,3.58101
Slovenia,SVN,2017,4.17701
Slovenia,SVN,2018,4.1773
Slovenia,SVN,2019,5.98507
Slovenia,SVN,2020,4.27949
Slovenia,SVN,2021,3.72694
South Africa,ZAF,2012,0.65526
South Africa,ZAF,2013,0.68641
South Africa,ZAF,2014,0.80777
South Africa,ZAF,2015,0.86708
South Africa,ZAF,2016,0.96345
South Africa,ZAF,2017,0.96575
South Africa,ZAF,2018,1.02232
South Africa,ZAF,2019,1.07898
South Africa,ZAF,2020,1.11243
South Africa,ZAF,2021,1.09209
South Asia (WB),,1997,1.33243
South Asia (WB),,1998,1.15443
South Asia (WB),,1999,1.03297
South Asia (WB),,2000,1.04233
South Asia (WB),,2001,1.11732
South Asia (WB),,2002,1.21603
South Asia (WB),,2003,1.33955
South Asia (WB),,2004,1.41385
South Asia (WB),,2005,1.52553
South Asia (WB),,2006,1.47057
South Asia (WB),,2007,1.39086
South Asia (WB),,2008,1.33564
South Asia (WB),,2009,1.33652
South Asia (WB),,2010,1.25347
South Asia (WB),,2011,1.01989
South Asia (WB),,2012,0.92862
South Asia (WB),,2013,1.01475
South Asia (WB),,2014,1.10848
South Asia (WB),,2015,1.20313
South Asia (WB),,2016,1.38329
South Asia (WB),,2017,1.47253
South Asia (WB),,2018,1.55836
South Asia (WB),,2019,1.70571
South Asia (WB),,2020,1.82223
South Asia (WB),,2021,1.69337
South Korea,KOR,1998,2.35261
South Korea,KOR,1999,2.35222
South Korea,KOR,2000,2.35738
South Korea,KOR,2001,2.40969
South Korea,KOR,2002,2.49182
South Korea,KOR,2003,2.66447
South Korea,KOR,2004,2.77059
South Korea,KOR,2005,2.92907
South Korea,KOR,2006,2.9867
South Korea,KOR,2007,3.10472
South Korea,KOR,2008,3.19562
South Korea,KOR,2009,3.3086
South Korea,KOR,2010,3.336
South Korea,KOR,2011,3.31839
South Korea,KOR,2012,3.27128
South Korea,KOR,2013,3.4069
South Korea,KOR,2014,3.31831
South Korea,KOR,2015,3.30042
South Korea,KOR,2016,3.29168
South Korea,KOR,2017,3.36224
South Korea,KOR,2018,3.29776
South Korea,KOR,2019,3.34603
South Korea,KOR,2020,3.40919
South Korea,KOR,2021,3.1013
Spain,ESP,1998,1.45086
Spain,ESP,1999,1.46426
Spain,ESP,2000,1.45233
Spain,ESP,2001,1.46722
Spain,ESP,2002,1.46128
Spain,ESP,2003,1.50051
Spain,ESP,2004,1.35122
Spain,ESP,2005,1.3644
Spain,ESP,2006,1.38979
Spain,ESP,2007,1.44464
Spain,ESP,2008,1.33151
Spain,ESP,2009,1.35769
Spain,ESP,2010,1.36593
Spain,ESP,2011,1.43493
Spain,ESP,2012,1.56852
Spain,ESP,2013,1.52789
Spain,ESP,2014,1.66525
Spain,ESP,2015,1.78256
Spain,ESP,2016,1.93708
Spain,ESP,2017,2.06979
Spain,ESP,2018,2.06203
Spain,ESP,2019,2.06505
Spain,ESP,2020,2.20282
Spain,ESP,2021,2.06925
Sri Lanka,LKA,2010,6.20652
Sri Lanka,LKA,2011,6.6843
Sri Lanka,LKA,2012,6.01452
Sri Lanka,LKA,2013,5.38543
Sri Lanka,LKA,2014,5.38553
Sri Lanka,LKA,2015,5.62662
Sri Lanka,LKA,2016,6.44603
Sri Lanka,LKA,2017,7.17709
Sri Lanka,LKA,2018,8.06218
Sri Lanka,LKA,2019,8.7367
Sri Lanka,LKA,2020,8.95025
Sri Lanka,LKA,2021,8.33535
Sub-Saharan Africa (SDG),,1997,8.28763
Sub-Saharan Africa (SDG),,1998,7.89034
Sub-Saharan Africa (SDG),,1999,7.73014
Sub-Saharan Africa (SDG),,2000,7.31089
Sub-Saharan Africa (SDG),,2001,7.0027
Sub-Saharan Africa (SDG),,2002,6.87884
Sub-Saharan Africa (SDG),,2003,6.72812
Sub-Saharan Africa (SDG),,2004,6.45128
Sub-Saharan Africa (SDG),,2005,6.25718
Sub-Saharan Africa (SDG),,2006,6.16895
Sub-Saharan Africa (SDG),,2007,6.09654
Sub-Saharan Africa (SDG),,2008,5.87554
Sub-Saharan Africa (SDG),,2009,5.61791
Sub-Saharan Africa (SDG),,2010,5.3401
Sub-Saharan Africa (SDG),,2011,5.29441
Sub-Saharan Africa (SDG),,2012,4.57371
Sub-Saharan Africa (SDG),,2013,4.42276
Sub-Saharan Africa (SDG),,2014,4.67525
Sub-Saharan Africa (SDG),,2015,4.81792
Sub-Saharan Africa (SDG),,2016,4.93572
Sub-Saharan Africa (SDG),,2017,4.77874
Sub-Saharan Africa (SDG),,2018,4.60945
Sub-Saharan Africa (SDG),,2019,4.49769
Sub-Saharan Africa (SDG),,2020,4.44562
Sub-Saharan Africa (SDG),,2021,4.65342
Sub-Saharan Africa (WB),,1997,7.96799
Sub-Saharan Africa (WB),,1998,7.6135
Sub-Saharan Africa (WB),,1999,7.45387
Sub-Saharan Africa (WB),,2000,7.0663
Sub-Saharan Africa (WB),,2001,6.68765
Sub-Saharan Africa (WB),,2002,6.52489
Sub-Saharan Africa (WB),,2003,6.43772
Sub-Saharan Africa (WB),,2004,6.099
Sub-Saharan Africa (WB),,2005,5.87532
Sub-Saharan Africa (WB),,2006,5.73457
Sub-Saharan Africa (WB),,2007,5.71066
Sub-Saharan Africa (WB),,2008,5.47671
Sub-Saharan Africa (WB),,2009,5.24734
Sub-Saharan Africa (WB),,2010,5.00113
Sub-Saharan Africa (WB),,2011,4.97979
Sub-Saharan Africa (WB),,2012,4.32197
Sub-Saharan Africa (WB),,2013,4.16658
Sub-Saharan Africa (WB),,2014,4.43165
Sub-Saharan Africa (WB),,2015,4.57354
Sub-Saharan Africa (WB),,2016,4.69102
Sub-Saharan Africa (WB),,2017,4.54333
Sub-Saharan Africa (WB),,2018,4.37994
Sub-Saharan Africa (WB),,2019,4.27664
Sub-Saharan Africa (WB),,2020,4.23648
Sub-Saharan Africa (WB),,2021,4.4268
Sudan,SDN,2011,1.48561
Sudan,SDN,2012,1.50735
Sudan,SDN,2013,1.54233
Sudan,SDN,2014,1.84266
Sudan,SDN,2015,1.95105
Suriname,SUR,2002,20.55775
Suriname,SUR,2021,22.61056
Sweden,SWE,1998,4.40665
Sweden,SWE,1999,4.03821
Sweden,SWE,2000,4.19412
Sweden,SWE,2001,4.19443
Sweden,SWE,2002,3.91962
Sweden,SWE,2003,3.54346
Sweden,SWE,2004,3.07332
Sweden,SWE,2005,3.08665
Sweden,SWE,2006,3.17494
Sweden,SWE,2007,3.45645
Sweden,SWE,2008,3.50778
Sweden,SWE,2009,3.63687
Sweden,SWE,2010,3.58372
Sweden,SWE,2011,3.74973
Sweden,SWE,2012,3.98197
Sweden,SWE,2013,4.13563
Sweden,SWE,2014,4.09469
Sweden,SWE,2015,4.06114
Sweden,SWE,2016,4.0636
Sweden,SWE,2017,3.88074
Sweden,SWE,2018,3.70589
Sweden,SWE,2019,3.76654
Sweden,SWE,2020,3.33559
Sweden,SWE,2021,2.87749
Switzerland,CHE,1998,5.85642
Switzerland,CHE,1999,5.88257
Switzerland,CHE,2000,5.5599
Switzerland,CHE,2001,5.42376
Switzerland,CHE,2002,5.22338
Switzerland,CHE,2003,5.08882
Switzerland,CHE,2004,5.0549
Switzerland,CHE,2005,4.88942
Switzerland,CHE,2006,5.09303
Switzerland,CHE,2007,5.11645
Switzerland,CHE,2008,4.81701
Switzerland,CHE,2009,4.85625
Switzerland,CHE,2010,4.70166
Switzerland,CHE,2011,4.67463
Switzerland,CHE,2012,4.38435
Switzerland,CHE,2013,4.36235
Switzerland,CHE,2014,4.25661
Switzerland,CHE,2015,4.32235
Switzerland,CHE,2016,4.54577
Switzerland,CHE,2017,4.78061
Switzerland,CHE,2018,5.37476
Switzerland,CHE,2019,5.56745
Switzerland,CHE,2020,5.82684
Switzerland,CHE,2021,5.63906
Syria,SYR,2002,6.23114
Syria,SYR,2003,5.98274
Syria,SYR,2004,5.55088
Syria,SYR,2005,4.73403
Syria,SYR,2006,3.97732
Syria,SYR,2007,3.68059
Syria,SYR,2008,3.52952
Syria,SYR,2009,3.40677
Syria,SYR,2010,2.75256
Syria,SYR,2011,3.08176
Syria,SYR,2012,2.87835
Syria,SYR,2013,3.80113
Syria,SYR,2014,4.0027
Syria,SYR,2015,4.99048
Syria,SYR,2016,6.70105
Tajikistan,TJK,1999,1.49151
Tajikistan,TJK,2000,1.43891
Tajikistan,TJK,2001,1.57424
Tajikistan,TJK,2002,2.0082
Tajikistan,TJK,2003,2.00461
Tajikistan,TJK,2004,1.84417
Tajikistan,TJK,2005,2.07133
Tajikistan,TJK,2006,1.80292
Tajikistan,TJK,2007,1.83195
Tajikistan,TJK,2008,2.74101
Tajikistan,TJK,2009,3.23105
Tajikistan,TJK,2010,4.26398
Tajikistan,TJK,2011,4.5579
Tajikistan,TJK,2012,4.38608
Tajikistan,TJK,2013,5.30506
Tajikistan,TJK,2014,6.17675
Tajikistan,TJK,2015,6.9787
Tajikistan,TJK,2016,8.40885
Tajikistan,TJK,2017,7.44754
Tanzania,TZA,1998,19.52536
Tanzania,TZA,1999,16.71702
Tanzania,TZA,2000,16.28537
Tanzania,TZA,2001,16.15554
Tanzania,TZA,2002,16.60967
Tanzania,TZA,2003,13.63451
Tanzania,TZA,2004,10.49497
Tanzania,TZA,2005,9.1288
Tanzania,TZA,2007,9.35802
Tanzania,TZA,2010,7.82758
Tanzania,TZA,2012,3.51062
Tanzania,TZA,2013,3.77623
Tanzania,TZA,2015,3.73177
Tanzania,TZA,2016,3.95033
Tanzania,TZA,2019,4.38949
Tanzania,TZA,2020,1.77429
Tanzania,TZA,2021,3.58248
Thailand,THA,1998,1.42483
Thailand,THA,1999,1.21835
Thailand,THA,2000,1.15874
Thailand,THA,2001,1.09417
Thailand,THA,2002,1.12384
Thailand,THA,2003,1.14456
Thailand,THA,2004,1.14107
Thailand,THA,2005,1.05512
Thailand,THA,2006,1.07139
Thailand,THA,2007,1.02876
Thailand,THA,2008,1.03169
Thailand,THA,2009,1.07039
Thailand,THA,2010,1.10295
Thailand,THA,2011,1.04616
Thailand,THA,2012,1.07203
Thailand,THA,2013,1.08525
Thailand,THA,2014,1.10212
Thailand,THA,2016,1.2765
Thailand,THA,2020,1.62714
Togo,TGO,1998,27.16101
Togo,TGO,2006,18.58735
Togo,TGO,2007,15.83754
Togo,TGO,2010,8.82379
Togo,TGO,2011,8.12619
Togo,TGO,2012,7.17508
Togo,TGO,2013,6.99963
Togo,TGO,2014,7.79512
Togo,TGO,2015,8.65111
Togo,TGO,2016,7.05255
Togo,TGO,2017,6.91724
Togo,TGO,2018,7.23167
Togo,TGO,2019,6.80806
Togo,TGO,2020,6.3478
Tonga,TON,1999,282.54773
Tonga,TON,2000,197.04774
Tonga,TON,2001,229.02177
Tonga,TON,2002,192.91103
Tonga,TON,2003,156.05743
Tonga,TON,2020,67.57396
Trinidad and Tobago,TTO,1999,48.48125
Trinidad and Tobago,TTO,2000,49.39238
Trinidad and Tobago,TTO,2001,46.80144
Trinidad and Tobago,TTO,2002,34.99333
Trinidad and Tobago,TTO,2003,36.90824
Trinidad and Tobago,TTO,2004,29.1785
Tunisia,TUN,1998,7.77528
Tunisia,TUN,1999,6.963
Tunisia,TUN,2000,6.42019
Tunisia,TUN,2001,5.96253
Tunisia,TUN,2002,5.92699
Tunisia,TUN,2003,5.54094
Tunisia,TUN,2004,5.06349
Tunisia,TUN,2005,4.71679
Tunisia,TUN,2006,4.99643
Tunisia,TUN,2007,4.94873
Tunisia,TUN,2008,5.02971
Tunisia,TUN,2009,5.08169
Tunisia,TUN,2010,5.284
Tunisia,TUN,2011,5.36235
Tunisia,TUN,2012,5.33117
Tunisia,TUN,2013,5.05061
Tunisia,TUN,2014,5.45041
Tunisia,TUN,2015,5.84894
Tunisia,TUN,2016,7.01965
Tunisia,TUN,2017,7.91597
Tunisia,TUN,2018,8.77876
Tunisia,TUN,2019,9.07024
Tunisia,TUN,2020,9.29357
Tunisia,TUN,2021,9.77082
Turkey,TUR,1998,2.12219
Turkey,TUR,1999,2.05791
Turkey,TUR,2001,1.95924
Turkey,TUR,2002,1.93583
Turkey,TUR,2003,1.74262
Turkey,TUR,2004,1.73409
Turkey,TUR,2005,1.67833
Turkey,TUR,2006,1.55346
Turkey,TUR,2007,1.55511
Turkey,TUR,2008,1.60178
Turkey,TUR,2009,1.46307
Turkey,TUR,2010,1.26565
Turkey,TUR,2011,1.20211
Turkey,TUR,2012,1.05818
Turkey,TUR,2013,0.91074
Turkey,TUR,2014,0.82579
Turkey,TUR,2015,0.75307
Turkey,TUR,2016,0.68091
Turkey,TUR,2017,0.63466
Turkey,TUR,2018,0.62669
Turkey,TUR,2019,0.60689
Turkey,TUR,2020,0.63882
Turkey,TUR,2021,0.63004
Turkmenistan,TKM,2014,107.05278
Turkmenistan,TKM,2019,96.55735
Turkmenistan,TKM,2020,95.53786
Turkmenistan,TKM,2021,86.41849
Turks and Caicos Islands,TCA,2008,10089.137
Turks and Caicos Islands,TCA,2010,3242.758
Turks and Caicos Islands,TCA,2015,53.5456
Uganda,UGA,1999,6.26986
Uganda,UGA,2000,4.53069
Uganda,UGA,2001,4.22154
Uganda,UGA,2002,3.28489
Uganda,UGA,2003,3.21178
Uganda,UGA,2004,3.26503
Uganda,UGA,2006,3.2751
Uganda,UGA,2008,3.46905
Uganda,UGA,2009,3.39422
Uganda,UGA,2010,3.37428
Uganda,UGA,2011,3.76482
Uganda,UGA,2012,4.00183
Uganda,UGA,2014,3.26444
Ukraine,UKR,1998,0.98088
Ukraine,UKR,1999,0.94842
Ukraine,UKR,2000,0.96454
Ukraine,UKR,2001,1.0196
Ukraine,UKR,2002,1.0298
Ukraine,UKR,2003,0.96438
Ukraine,UKR,2004,0.91754
Ukraine,UKR,2005,0.91061
Ukraine,UKR,2006,0.89038
Ukraine,UKR,2007,0.90397
Ukraine,UKR,2008,1.11183
Ukraine,UKR,2009,1.17547
Ukraine,UKR,2010,1.33574
Ukraine,UKR,2011,1.44344
Ukraine,UKR,2012,1.55644
Ukraine,UKR,2013,1.92822
Ukraine,UKR,2014,2.32652
Ukraine,UKR,2015,3.84
Ukraine,UKR,2016,4.5818
Ukraine,UKR,2017,4.67169
Ukraine,UKR,2018,4.86662
Ukraine,UKR,2019,4.84203
Ukraine,UKR,2020,5.23418
Ukraine,UKR,2021,6.081
United Arab Emirates,ARE,2007,8.36845
United Arab Emirates,ARE,2008,8.57695
United Arab Emirates,ARE,2009,8.25778
United Arab Emirates,ARE,2010,8.11126
United Arab Emirates,ARE,2011,7.4878
United Arab Emirates,ARE,2012,6.99846
United Arab Emirates,ARE,2013,6.56291
United Arab Emirates,ARE,2014,6.59032
United Arab Emirates,ARE,2015,6.95745
United Arab Emirates,ARE,2016,7.34535
United Arab Emirates,ARE,2017,5.87137
United Arab Emirates,ARE,2019,4.5166
United Arab Emirates,ARE,2020,4.96876
United Kingdom,GBR,1998,1.39361
United Kingdom,GBR,1999,1.27941
United Kingdom,GBR,2000,1.34125
United Kingdom,GBR,2001,1.33572
United Kingdom,GBR,2002,1.26506
United Kingdom,GBR,2003,1.28437
United Kingdom,GBR,2004,1.03525
United Kingdom,GBR,2005,0.98827
United Kingdom,GBR,2006,0.98191
United Kingdom,GBR,2007,1.04628
United Kingdom,GBR,2008,0.96463
United Kingdom,GBR,2009,0.99883
United Kingdom,GBR,2010,1.00198
United Kingdom,GBR,2011,1.16103
United Kingdom,GBR,2012,1.06926
United Kingdom,GBR,2013,1.19957
United Kingdom,GBR,2014,1.27779
United Kingdom,GBR,2015,1.35053
United Kingdom,GBR,2016,1.44514
United Kingdom,GBR,2017,1.50279
United Kingdom,GBR,2018,1.59096
United Kingdom,GBR,2019,1.50677
United Kingdom,GBR,2020,1.46576
United Kingdom,GBR,2021,1.32439
United States,USA,1998,0.30043
United States,USA,1999,0.31377
United States,USA,2005,0.34301
United States,USA,2013,0.3796
United States,USA,2014,0.39649
United States,USA,2015,0.41303
United States,USA,2016,0.43593
United States,USA,2017,0.45601
United States,USA,2018,0.45433
United States,USA,2019,0.54275
United States,USA,2020,0.57858
United States,USA,2021,0.56549
Upper-middle income countries,,1997,1.90739
Upper-middle income countries,,1998,1.79356
Upper-middle income countries,,1999,1.68877
Upper-middle income countries,,2000,1.65488
Upper-middle income countries,,2001,1.62573
Upper-middle income countries,,2002,1.61333
Upper-middle income countries,,2003,1.61062
Upper-middle income countries,,2004,1.56272
Upper-middle income countries,,2005,1.53856
Upper-middle income countries,,2006,1.48528
Upper-middle income countries,,2007,1.53678
Upper-middle income countries,,2008,1.63117
Upper-middle income countries,,2009,1.65623
Upper-middle income countries,,2010,1.73141
Upper-middle income countries,,2011,1.79769
Upper-middle income countries,,2012,1.7866
Upper-middle income countries,,2013,1.80687
Upper-middle income countries,,2014,1.76132
Upper-middle income countries,,2015,1.80755
Upper-middle income countries,,2016,1.84969
Upper-middle income countries,,2017,1.90212
Upper-middle income countries,,2018,1.98592
Upper-middle income countries,,2019,2.00957
Upper-middle income countries,,2020,1.99774
Upper-middle income countries,,2021,1.84462
Uruguay,URY,1998,1.35748
Uruguay,URY,1999,1.52236
Uruguay,URY,2000,1.64139
Uruguay,URY,2001,1.72816
Uruguay,URY,2002,1.95499
Uruguay,URY,2003,2.19253
Uruguay,URY,2004,2.22967
Uruguay,URY,2005,2.42196
Uruguay,URY,2006,2.56631
Uruguay,URY,2007,2.83263
Uruguay,URY,2008,2.75433
Uruguay,URY,2009,2.86362
Uruguay,URY,2010,3.21489
Uruguay,URY,2011,3.13189
Uruguay,URY,2012,2.91121
Uruguay,URY,2013,2.66741
Uruguay,URY,2014,2.62766
Uruguay,URY,2015,2.73667
Uruguay,URY,2016,2.69584
Uruguay,URY,2017,3.02446
Uruguay,URY,2018,3.19652
Uruguay,URY,2019,3.48282
Uruguay,URY,2020,3.62346
Uruguay,URY,2021,2.96359
Uzbekistan,UZB,1999,4.79891
Uzbekistan,UZB,2000,4.55207
Uzbekistan,UZB,2001,3.65178
Uzbekistan,UZB,2002,3.90114
Uzbekistan,UZB,2003,3.64797
Uzbekistan,UZB,2004,4.65817
Uzbekistan,UZB,2005,8.83666
Uzbekistan,UZB,2006,10.4179
Uzbekistan,UZB,2007,11.08384
Uzbekistan,UZB,2008,10.48382
Uzbekistan,UZB,2009,9.58123
Uzbekistan,UZB,2010,8.35659
Uzbekistan,UZB,2011,8.29483
Uzbekistan,UZB,2012,7.46486
Uzbekistan,UZB,2013,7.83933
Uzbekistan,UZB,2014,10.02833
Uzbekistan,UZB,2015,10.71697
Uzbekistan,UZB,2016,12.3863
Uzbekistan,UZB,2017,12.44736
Uzbekistan,UZB,2018,14.13196
Uzbekistan,UZB,2019,14.59253
Uzbekistan,UZB,2020,19.44367
Uzbekistan,UZB,2021,19.14793
Vanuatu,VUT,1999,121.76475
Vanuatu,VUT,2000,119.98976
Vanuatu,VUT,2001,119.25703
Vanuatu,VUT,2002,92.83096
Vanuatu,VUT,2003,93.07322
Vanuatu,VUT,2004,89.14918
Venezuela,VEN,2000,1.63129
Venezuela,VEN,2002,1.31009
Venezuela,VEN,2003,1.33251
Venezuela,VEN,2004,1.20134
Venezuela,VEN,2008,0.81954
Venezuela,VEN,2009,0.83223
Vietnam,VNM,1998,1.07022
Vietnam,VNM,1999,0.99794
Vietnam,VNM,2000,1.23901
Vietnam,VNM,2001,1.42288
Vietnam,VNM,2002,1.61284
Vietnam,VNM,2003,1.85973
Vietnam,VNM,2005,1.49269
Vietnam,VNM,2006,1.6911
Vietnam,VNM,2007,1.80591
Vietnam,VNM,2008,2.16461
Vietnam,VNM,2009,2.29982
Vietnam,VNM,2010,2.23025
Vietnam,VNM,2011,2.23759
Vietnam,VNM,2012,2.32846
Vietnam,VNM,2013,2.48858
Vietnam,VNM,2014,2.20906
Vietnam,VNM,2015,2.75822
Vietnam,VNM,2016,3.58295
Vietnam,VNM,2019,6.38511
Vietnam,VNM,2021,5.16108
World,OWID_WRL,1997,2.27234
World,OWID_WRL,1998,2.1912
World,OWID_WRL,1999,2.13978
World,OWID_WRL,2000,2.08065
World,OWID_WRL,2001,2.04049
World,OWID_WRL,2002,2.05582
World,OWID_WRL,2003,2.0833
World,OWID_WRL,2004,2.01083
World,OWID_WRL,2005,2.00634
World,OWID_WRL,2006,1.97486
World,OWID_WRL,2007,2.0078
World,OWID_WRL,2008,2.03917
World,OWID_WRL,2009,2.06822
World,OWID_WRL,2010,2.10269
World,OWID_WRL,2011,2.10766
World,OWID_WRL,2012,2.07641
World,OWID_WRL,2013,2.12416
World,OWID_WRL,2014,2.12303
World,OWID_WRL,2015,2.20373
World,OWID_WRL,2016,2.31633
World,OWID_WRL,2017,2.42469
World,OWID_WRL,2018,2.53437
World,OWID_WRL,2019,2.63402
World,OWID_WRL,2020,2.67224
World,OWID_WRL,2021,2.58036
Yemen,YEM,1999,3.79128
Yemen,YEM,2002,3.97881
Yemen,YEM,2003,4.08546
Yemen,YEM,2004,4.68023
Yemen,YEM,2005,4.71606
Yemen,YEM,2006,4.77821
Yemen,YEM,2007,3.94674
Yemen,YEM,2008,4.2057
Yemen,YEM,2009,4.16587
Yemen,YEM,2010,3.36729
Yemen,YEM,2011,5.0693
Zambia,ZMB,1998,12.24175
Zambia,ZMB,1999,17.46059
Zambia,ZMB,2011,10.94205
Zambia,ZMB,2012,8.73763
Zimbabwe,ZWE,2010,27.28689
Zimbabwe,ZWE,2011,31.45052
Zimbabwe,ZWE,2012,17.72061
Zimbabwe,ZWE,2013,17.63025
Zimbabwe,ZWE,2015,12.59282