Entity,Code,Year,"Inbound mobility rate, both sexes (%)"
Afghanistan,AFG,2009,0
Afghanistan,AFG,2014,0
Afghanistan,AFG,2020,0
Albania,ALB,1998,2.18372
Albania,ALB,1999,2.12976
Albania,ALB,2000,1.68972
Albania,ALB,2001,1.58105
Albania,ALB,2003,1.05046
Albania,ALB,2004,0.91108
Albania,ALB,2011,1.0973
Albania,ALB,2012,1.30006
Albania,ALB,2018,1.49356
Albania,ALB,2019,1.61389
Albania,ALB,2020,1.72419
Albania,ALB,2021,1.68663
Albania,ALB,2022,1.51114
Algeria,DZA,2004,0.6528
Algeria,DZA,2005,0.67452
Algeria,DZA,2006,0.71678
Algeria,DZA,2007,0.63323
Algeria,DZA,2009,0.52772
Algeria,DZA,2010,0.57189
Algeria,DZA,2011,0.54932
Algeria,DZA,2012,0.59582
Algeria,DZA,2013,0.59102
Algeria,DZA,2014,0.63855
Algeria,DZA,2015,0.61785
Algeria,DZA,2016,0.49875
Algeria,DZA,2017,0.55295
Algeria,DZA,2018,0.53121
Algeria,DZA,2019,0.52424
Algeria,DZA,2020,0.55927
Algeria,DZA,2021,0.61951
Algeria,DZA,2022,0.50246
American Samoa,ASM,2007,0
Andorra,AND,2002,10.11236
Andorra,AND,2003,10.13072
Andorra,AND,2013,36.24535
Andorra,AND,2015,41.71657
Andorra,AND,2016,42.88321
Andorra,AND,2017,30.84746
Andorra,AND,2018,44.19714
Andorra,AND,2019,41.07425
Andorra,AND,2020,43.951
Andorra,AND,2021,43.05344
Andorra,AND,2022,69.79096
Angola,AGO,1998,0.59974
Anguilla,AIA,1998,0
Anguilla,AIA,1999,0
Anguilla,AIA,2000,0
Anguilla,AIA,2001,0
Anguilla,AIA,2002,0
Anguilla,AIA,2003,33.33333
Anguilla,AIA,2004,0
Anguilla,AIA,2006,0
Anguilla,AIA,2007,0
Anguilla,AIA,2008,0
Antigua and Barbuda,ATG,2009,7.71456
Antigua and Barbuda,ATG,2010,14.01709
Antigua and Barbuda,ATG,2011,9.55056
Antigua and Barbuda,ATG,2012,11.99777
Argentina,ARG,1998,0.18559
Argentina,ARG,2000,0.18422
Argentina,ARG,2016,2.47254
Argentina,ARG,2017,2.82948
Argentina,ARG,2018,3.42376
Argentina,ARG,2019,3.50011
Argentina,ARG,2020,3.51242
Argentina,ARG,2021,3.15658
Armenia,ARM,2002,2.31654
Armenia,ARM,2003,2.06119
Armenia,ARM,2004,3.08966
Armenia,ARM,2005,3.6155
Armenia,ARM,2006,3.64395
Armenia,ARM,2007,3.49457
Armenia,ARM,2008,3.28697
Armenia,ARM,2009,3.39274
Armenia,ARM,2010,2.74833
Armenia,ARM,2011,3.0059
Armenia,ARM,2012,3.4338
Armenia,ARM,2013,3.01631
Armenia,ARM,2014,3.94907
Armenia,ARM,2015,4.21008
Armenia,ARM,2016,4.10043
Armenia,ARM,2017,4.30378
Armenia,ARM,2018,4.46881
Armenia,ARM,2019,5.51761
Armenia,ARM,2020,5.91228
Armenia,ARM,2021,5.90853
Armenia,ARM,2022,7.25559
Aruba,ABW,2003,5.44258
Aruba,ABW,2005,1.89934
Aruba,ABW,2006,8.07068
Aruba,ABW,2009,4.8725
Aruba,ABW,2010,2.70386
Aruba,ABW,2011,3.55431
Aruba,ABW,2012,1.37352
Aruba,ABW,2013,22.77731
Aruba,ABW,2014,22.02429
Aruba,ABW,2015,27.61578
Aruba,ABW,2016,27.62385
Australia,AUS,2015,15.46862
Australia,AUS,2016,17.48711
Australia,AUS,2017,21.47796
Australia,AUS,2018,26.50268
Australia,AUS,2019,28.3749
Australia,AUS,2020,25.99468
Australia,AUS,2021,21.88944
Australia,AUS,2022,23.02597
Austria,AUT,2007,13.55255
Austria,AUT,2008,15.96883
Austria,AUT,2009,17.26516
Austria,AUT,2010,17.80005
Austria,AUT,2011,17.63254
Austria,AUT,2012,14.04076
Austria,AUT,2013,16.75873
Austria,AUT,2014,15.47035
Austria,AUT,2015,15.89104
Austria,AUT,2016,16.34874
Austria,AUT,2017,17.18621
Austria,AUT,2018,17.49413
Austria,AUT,2019,17.64123
Austria,AUT,2020,17.9773
Austria,AUT,2021,18.72414
Azerbaijan,AZE,2006,1.99291
Azerbaijan,AZE,2007,2.35576
Azerbaijan,AZE,2008,3.03054
Azerbaijan,AZE,2009,3.50352
Azerbaijan,AZE,2010,3.16831
Azerbaijan,AZE,2011,2.80243
Azerbaijan,AZE,2012,2.50387
Azerbaijan,AZE,2013,2.3674
Azerbaijan,AZE,2014,2.25485
Azerbaijan,AZE,2015,2.0519
Azerbaijan,AZE,2016,2.00863
Azerbaijan,AZE,2017,2.07279
Azerbaijan,AZE,2018,2.34087
Azerbaijan,AZE,2019,2.22742
Azerbaijan,AZE,2020,2.36036
Azerbaijan,AZE,2021,2.2773
Azerbaijan,AZE,2022,2.39195
Bahrain,BHR,2003,6.97626
Bahrain,BHR,2005,4.23014
Bahrain,BHR,2006,3.65158
Bahrain,BHR,2014,13.22121
Bahrain,BHR,2015,13.87368
Bahrain,BHR,2016,12.60911
Bahrain,BHR,2017,13.14699
Bahrain,BHR,2018,13.44014
Bahrain,BHR,2019,14.1504
Bahrain,BHR,2020,12.75623
Bahrain,BHR,2021,11.66094
Bahrain,BHR,2022,10.57458
Bangladesh,BGD,2002,0.04139
Bangladesh,BGD,2003,0.04388
Bangladesh,BGD,2004,0.08182
Bangladesh,BGD,2005,0.08205
Bangladesh,BGD,2006,0.08913
Bangladesh,BGD,2007,0.05841
Bangladesh,BGD,2008,0.08103
Bangladesh,BGD,2009,0.10043
Bangladesh,BGD,2022,0.05983
Barbados,BRB,2001,7.38188
Barbados,BRB,2007,7.80359
Barbados,BRB,2009,10.49986
Barbados,BRB,2010,12.95345
Barbados,BRB,2011,13.79921
Belarus,BLR,1999,0.70221
Belarus,BLR,2000,0.65168
Belarus,BLR,2001,0.40959
Belarus,BLR,2002,0.56651
Belarus,BLR,2003,0.2069
Belarus,BLR,2004,0.47856
Belarus,BLR,2005,0.6806
Belarus,BLR,2006,0.65108
Belarus,BLR,2007,0.79475
Belarus,BLR,2008,1.08535
Belarus,BLR,2009,1.24192
Belarus,BLR,2010,1.50394
Belarus,BLR,2011,1.74285
Belarus,BLR,2012,2.06324
Belarus,BLR,2013,2.40871
Belarus,BLR,2014,2.88343
Belarus,BLR,2015,3.32844
Belarus,BLR,2016,3.72705
Belarus,BLR,2017,4.19587
Belarus,BLR,2018,4.33723
Belarus,BLR,2019,4.82255
Belarus,BLR,2020,5.89248
Belarus,BLR,2021,6.46665
Belarus,BLR,2022,7.72339
Belgium,BEL,1999,10.2721
Belgium,BEL,2000,10.90632
Belgium,BEL,2001,10.6189
Belgium,BEL,2002,10.99618
Belgium,BEL,2003,11.17555
Belgium,BEL,2004,6.78615
Belgium,BEL,2005,5.40474
Belgium,BEL,2006,6.30129
Belgium,BEL,2007,6.40153
Belgium,BEL,2008,7.43031
Belgium,BEL,2009,7.98436
Belgium,BEL,2010,8.11257
Belgium,BEL,2011,8.18868
Belgium,BEL,2012,8.98324
Belgium,BEL,2013,9.97936
Belgium,BEL,2014,11.19477
Belgium,BEL,2015,11.18446
Belgium,BEL,2016,12.02156
Belgium,BEL,2017,8.53861
Belgium,BEL,2018,10.45448
Belgium,BEL,2019,10.04272
Belgium,BEL,2020,10.52473
Belgium,BEL,2021,9.83073
Belize,BLZ,2022,2.00576
Benin,BEN,2008,6.49499
Benin,BEN,2010,7.92083
Benin,BEN,2014,6.86665
Benin,BEN,2015,7.89267
Benin,BEN,2016,8.87767
Benin,BEN,2017,7.02737
Benin,BEN,2018,4.5043
Benin,BEN,2019,3.14943
Benin,BEN,2020,2.96611
Benin,BEN,2021,3.10889
Bermuda,BMU,2009,5.12445
Bermuda,BMU,2010,5.98897
Bermuda,BMU,2011,7.00685
Bermuda,BMU,2012,6.72926
Bermuda,BMU,2014,20.75812
Bermuda,BMU,2015,17.57451
Bermuda,BMU,2017,22.22222
Bermuda,BMU,2018,9.69101
Bermuda,BMU,2023,7.37564
Bhutan,BTN,2007,0
Bhutan,BTN,2021,34.23473
Bosnia and Herzegovina,BIH,2011,4.82439
Bosnia and Herzegovina,BIH,2012,5.87955
Bosnia and Herzegovina,BIH,2013,6.48272
Bosnia and Herzegovina,BIH,2014,7.27606
Bosnia and Herzegovina,BIH,2015,7.47269
Bosnia and Herzegovina,BIH,2016,7.30077
Bosnia and Herzegovina,BIH,2017,7.11617
Bosnia and Herzegovina,BIH,2018,7.44466
Bosnia and Herzegovina,BIH,2019,7.11557
Bosnia and Herzegovina,BIH,2020,6.5783
Bosnia and Herzegovina,BIH,2021,6.64822
Bosnia and Herzegovina,BIH,2022,7.19033
Botswana,BWA,2005,3.3274
Botswana,BWA,2014,2.57038
Botswana,BWA,2015,1.63082
Botswana,BWA,2016,2.63122
Botswana,BWA,2017,2.38654
Botswana,BWA,2019,2.25976
Botswana,BWA,2020,2.20043
Botswana,BWA,2021,2.46698
Brazil,BRA,2002,0.03517
Brazil,BRA,2003,0.03119
Brazil,BRA,2004,0.02613
Brazil,BRA,2009,0.26683
Brazil,BRA,2010,0.22491
Brazil,BRA,2011,0.20827
Brazil,BRA,2012,0.21019
Brazil,BRA,2014,0.23653
Brazil,BRA,2015,0.23964
Brazil,BRA,2016,0.24036
Brazil,BRA,2017,0.24116
Brazil,BRA,2018,0.24229
Brazil,BRA,2019,0.24504
Brazil,BRA,2020,0.24886
Brazil,BRA,2021,0.23893
Brazil,BRA,2022,0.24576
British Virgin Islands,VGB,1999,0
British Virgin Islands,VGB,2000,0
British Virgin Islands,VGB,2001,0
British Virgin Islands,VGB,2002,0
British Virgin Islands,VGB,2004,0
British Virgin Islands,VGB,2009,20.39637
British Virgin Islands,VGB,2016,16.78657
British Virgin Islands,VGB,2020,23.12224
Brunei,BRN,1998,3.25677
Brunei,BRN,1999,1.83536
Brunei,BRN,2000,1.95783
Brunei,BRN,2001,4.21969
Brunei,BRN,2004,4.02685
Brunei,BRN,2005,3.26498
Brunei,BRN,2006,2.94464
Brunei,BRN,2007,3.29296
Brunei,BRN,2008,3.38862
Brunei,BRN,2009,4.83052
Brunei,BRN,2010,3.96468
Brunei,BRN,2011,5.61425
Brunei,BRN,2012,4.24664
Brunei,BRN,2014,3.1881
Brunei,BRN,2015,4.8684
Brunei,BRN,2016,3.16985
Brunei,BRN,2017,3.76089
Brunei,BRN,2018,4.36701
Brunei,BRN,2019,3.40745
Brunei,BRN,2020,3.72439
Bulgaria,BGR,1999,3.11467
Bulgaria,BGR,2000,3.10614
Bulgaria,BGR,2001,3.29142
Bulgaria,BGR,2002,3.50184
Bulgaria,BGR,2003,3.48137
Bulgaria,BGR,2004,3.62677
Bulgaria,BGR,2005,3.59381
Bulgaria,BGR,2006,3.84492
Bulgaria,BGR,2007,3.5177
Bulgaria,BGR,2008,3.50446
Bulgaria,BGR,2009,3.43595
Bulgaria,BGR,2010,3.50418
Bulgaria,BGR,2011,3.62645
Bulgaria,BGR,2012,3.93481
Bulgaria,BGR,2013,4.08298
Bulgaria,BGR,2014,3.98244
Bulgaria,BGR,2015,4.24588
Bulgaria,BGR,2016,4.57468
Bulgaria,BGR,2017,5.49979
Bulgaria,BGR,2018,6.41251
Bulgaria,BGR,2019,7.19023
Bulgaria,BGR,2020,7.75568
Bulgaria,BGR,2021,8.00712
Burkina Faso,BFA,2005,3.14938
Burkina Faso,BFA,2011,3.58536
Burkina Faso,BFA,2012,2.96107
Burkina Faso,BFA,2013,2.89999
Burkina Faso,BFA,2014,1.44502
Burkina Faso,BFA,2015,2.75844
Burkina Faso,BFA,2016,2.97272
Burkina Faso,BFA,2017,3.11468
Burkina Faso,BFA,2018,2.7165
Burkina Faso,BFA,2019,2.27881
Burkina Faso,BFA,2020,2.05281
Burkina Faso,BFA,2021,1.90571
Burkina Faso,BFA,2022,1.76232
Burundi,BDI,1999,2.9184
Burundi,BDI,2000,2.91911
Burundi,BDI,2002,4.82647
Burundi,BDI,2010,6.19427
Burundi,BDI,2013,8.04548
Burundi,BDI,2015,3.21718
Burundi,BDI,2016,3.57162
Burundi,BDI,2017,4.45414
Burundi,BDI,2018,4.76725
Cambodia,KHM,2001,0.14164
Cambodia,KHM,2002,0.12184
Cambodia,KHM,2004,0.08816
Cambodia,KHM,2006,0.0718
Cambodia,KHM,2021,0.25863
Cameroon,CMR,2004,1.82234
Cameroon,CMR,2005,1.59717
Cameroon,CMR,2006,1.33502
Cameroon,CMR,2007,1.0724
Cameroon,CMR,2010,0.84146
Cameroon,CMR,2011,1.38597
Cameroon,CMR,2012,1.13125
Cameroon,CMR,2016,0.97257
Cameroon,CMR,2017,1.35775
Cameroon,CMR,2018,2.81384
Canada,CAN,1998,2.3576
Canada,CAN,1999,2.65973
Canada,CAN,2000,3.00703
Canada,CAN,2002,3.95049
Canada,CAN,2007,6.52809
Canada,CAN,2008,6.46847
Canada,CAN,2009,6.60326
Canada,CAN,2010,7.43157
Canada,CAN,2011,8.16061
Canada,CAN,2012,8.98
Canada,CAN,2013,9.72349
Canada,CAN,2014,10.41181
Canada,CAN,2015,10.97118
Canada,CAN,2016,11.89155
Canada,CAN,2017,12.91719
Canada,CAN,2018,13.838
Canada,CAN,2019,16.22091
Canada,CAN,2020,18.20879
Canada,CAN,2021,17.37181
Cape Verde,CPV,2011,1.35101
Cape Verde,CPV,2012,1.12712
Cape Verde,CPV,2013,0.96419
Cape Verde,CPV,2014,1.35105
Cape Verde,CPV,2015,1.3479
Cape Verde,CPV,2016,0.99033
Cape Verde,CPV,2017,0.81954
Cape Verde,CPV,2018,1.44095
Cayman Islands,CYM,2001,28.14961
Cayman Islands,CYM,2006,35.27337
Cayman Islands,CYM,2007,33.54633
Cayman Islands,CYM,2008,37.9386
Central African Republic,CAF,2006,10.86957
Central African Republic,CAF,2012,14.3747
Central and Southern Asia (SDG),,1999,0.2587
Central and Southern Asia (SDG),,2000,0.23386
Central and Southern Asia (SDG),,2001,0.19317
Central and Southern Asia (SDG),,2002,0.22132
Central and Southern Asia (SDG),,2003,0.20547
Central and Southern Asia (SDG),,2004,0.22527
Central and Southern Asia (SDG),,2005,0.27861
Central and Southern Asia (SDG),,2006,0.29152
Central and Southern Asia (SDG),,2007,0.27917
Central and Southern Asia (SDG),,2008,0.24478
Central and Southern Asia (SDG),,2009,0.22208
Central and Southern Asia (SDG),,2010,0.20826
Central and Southern Asia (SDG),,2011,0.16905
Central and Southern Asia (SDG),,2012,0.14835
Central and Southern Asia (SDG),,2013,0.17119
Central and Southern Asia (SDG),,2014,0.18898
Central and Southern Asia (SDG),,2015,0.19363
Central and Southern Asia (SDG),,2016,0.22172
Central and Southern Asia (SDG),,2017,0.23192
Central and Southern Asia (SDG),,2018,0.22938
Central and Southern Asia (SDG),,2019,0.25177
Central and Southern Asia (SDG),,2020,0.32836
Central and Southern Asia (SDG),,2021,0.35701
Chad,TCD,2008,0.42127
Chad,TCD,2011,4.01659
Chad,TCD,2020,0
Chile,CHL,1999,0.33551
Chile,CHL,2000,0.76895
Chile,CHL,2002,0.93614
Chile,CHL,2003,0.91886
Chile,CHL,2005,0.29622
Chile,CHL,2007,1.05469
Chile,CHL,2008,1.51047
Chile,CHL,2009,0.85673
Chile,CHL,2010,0.97383
Chile,CHL,2011,0.27687
Chile,CHL,2012,0.30936
Chile,CHL,2013,0.25562
Chile,CHL,2014,0.26901
Chile,CHL,2015,0.31184
Chile,CHL,2016,0.36937
Chile,CHL,2017,0.37999
Chile,CHL,2018,0.45281
Chile,CHL,2019,0.81947
Chile,CHL,2020,1.05723
Chile,CHL,2021,1.31493
Chile,CHL,2022,1.37151
China,CHN,2006,0.15576
China,CHN,2007,0.16625
China,CHN,2008,0.19121
China,CHN,2009,0.20894
China,CHN,2010,0.23086
China,CHN,2011,0.25437
China,CHN,2012,0.27306
China,CHN,2013,0.2828
China,CHN,2014,0.25813
China,CHN,2015,0.28392
China,CHN,2016,0.31337
China,CHN,2017,0.35603
China,CHN,2018,0.39673
China,CHN,2019,0.42809
China,CHN,2020,0.44807
China,CHN,2021,0.41182
China,CHN,2022,0.36911
Colombia,COL,2014,0.17418
Colombia,COL,2015,0.18849
Colombia,COL,2016,0.16438
Colombia,COL,2017,0.18599
Colombia,COL,2018,0.19784
Colombia,COL,2019,0.21905
Colombia,COL,2020,0.21472
Colombia,COL,2021,0.2028
Colombia,COL,2022,0.2209
Comoros,COM,1999,0
Comoros,COM,2009,0
Comoros,COM,2010,0
Comoros,COM,2011,0
Comoros,COM,2012,0.03286
Comoros,COM,2014,0
Congo,COG,2003,0.41306
Congo,COG,2011,0.11495
Congo,COG,2013,0.9288
Cook Islands,COK,1998,0
Cook Islands,COK,1999,0
Cook Islands,COK,2000,0
Cook Islands,COK,2001,0
Cook Islands,COK,2002,0
Cook Islands,COK,2003,0
Cook Islands,COK,2004,0
Cook Islands,COK,2005,0
Cook Islands,COK,2006,0
Cook Islands,COK,2007,0
Cook Islands,COK,2008,0
Cook Islands,COK,2009,0
Cook Islands,COK,2010,0
Cook Islands,COK,2011,0
Costa Rica,CRI,2004,1.43428
Costa Rica,CRI,2017,1.30318
Costa Rica,CRI,2018,1.15614
Costa Rica,CRI,2019,1.16405
Cote d'Ivoire,CIV,2008,5.52907
Cote d'Ivoire,CIV,2009,1.23221
Cote d'Ivoire,CIV,2010,1.26014
Cote d'Ivoire,CIV,2011,1.89183
Cote d'Ivoire,CIV,2014,1.67702
Cote d'Ivoire,CIV,2015,1.79823
Cote d'Ivoire,CIV,2016,2.13324
Cote d'Ivoire,CIV,2017,2.17333
Cote d'Ivoire,CIV,2019,2.64064
Cote d'Ivoire,CIV,2020,2.43881
Croatia,HRV,1999,0.47659
Croatia,HRV,2001,2.61117
Croatia,HRV,2002,0.62468
Croatia,HRV,2003,2.3299
Croatia,HRV,2005,2.56873
Croatia,HRV,2006,2.49843
Croatia,HRV,2007,2.4915
Croatia,HRV,2008,3.29754
Croatia,HRV,2009,0.50119
Croatia,HRV,2010,0.55921
Croatia,HRV,2011,0.44817
Croatia,HRV,2012,0.53532
Croatia,HRV,2013,0.30372
Croatia,HRV,2014,0.3848
Croatia,HRV,2015,0.50672
Croatia,HRV,2016,0.42773
Croatia,HRV,2017,2.89412
Croatia,HRV,2018,3.042
Croatia,HRV,2019,3.49186
Croatia,HRV,2020,2.95
Croatia,HRV,2021,2.66332
Cuba,CUB,2000,3.88785
Cuba,CUB,2001,5.46846
Cuba,CUB,2002,6.11569
Cuba,CUB,2003,7.29458
Cuba,CUB,2004,3.45635
Cuba,CUB,2005,3.05473
Cuba,CUB,2006,2.20472
Cuba,CUB,2007,3.10911
Cuba,CUB,2008,3.00805
Cuba,CUB,2009,3.18891
Cuba,CUB,2010,3.77513
Cuba,CUB,2011,4.10801
Cuba,CUB,2012,4.52202
Cuba,CUB,2013,4.49709
Cuba,CUB,2014,4.3367
Cuba,CUB,2015,4.22856
Cuba,CUB,2016,4.23976
Cuba,CUB,2017,3.75303
Cuba,CUB,2018,3.3936
Cuba,CUB,2019,3.05792
Cuba,CUB,2020,2.64418
Cuba,CUB,2021,2.17809
Cyprus,CYP,1999,17.15551
Cyprus,CYP,2000,19.44498
Cyprus,CYP,2001,20.71393
Cyprus,CYP,2002,21.95735
Cyprus,CYP,2003,28.90762
Cyprus,CYP,2004,32.03511
Cyprus,CYP,2005,24.37992
Cyprus,CYP,2006,25.78812
Cyprus,CYP,2007,25.14959
Cyprus,CYP,2008,27.93522
Cyprus,CYP,2009,31.77564
Cyprus,CYP,2010,31.93001
Cyprus,CYP,2011,27.99053
Cyprus,CYP,2012,23.46091
Cyprus,CYP,2013,14.87877
Cyprus,CYP,2014,14.34935
Cyprus,CYP,2015,17.53215
Cyprus,CYP,2016,19.13897
Cyprus,CYP,2017,23.0895
Cyprus,CYP,2018,23.89917
Cyprus,CYP,2019,26.06003
Cyprus,CYP,2020,27.19018
Cyprus,CYP,2021,21.83038
Czechia,CZE,1999,1.98206
Czechia,CZE,2000,2.15534
Czechia,CZE,2001,2.98026
Czechia,CZE,2002,3.4283
Czechia,CZE,2003,3.60208
Czechia,CZE,2004,4.68014
Czechia,CZE,2005,5.50747
Czechia,CZE,2006,6.32971
Czechia,CZE,2007,6.73949
Czechia,CZE,2008,7.10934
Czechia,CZE,2009,7.34658
Czechia,CZE,2010,8.00084
Czechia,CZE,2011,8.52635
Czechia,CZE,2012,8.96236
Czechia,CZE,2013,9.3903
Czechia,CZE,2014,9.82958
Czechia,CZE,2015,10.54664
Czechia,CZE,2016,11.51021
Czechia,CZE,2017,12.54304
Czechia,CZE,2018,13.6055
Czechia,CZE,2019,14.36418
Czechia,CZE,2020,14.98938
Czechia,CZE,2021,15.57127
Democratic Republic of Congo,COD,2008,0.29604
Democratic Republic of Congo,COD,2011,0.45972
Democratic Republic of Congo,COD,2013,1.17703
Democratic Republic of Congo,COD,2016,0.43837
Democratic Republic of Congo,COD,2020,0.43709
Denmark,DNK,1999,6.48787
Denmark,DNK,2000,6.80422
Denmark,DNK,2001,6.53415
Denmark,DNK,2002,7.38007
Denmark,DNK,2003,8.98159
Denmark,DNK,2004,4.55119
Denmark,DNK,2005,4.41368
Denmark,DNK,2006,5.32214
Denmark,DNK,2007,5.46741
Denmark,DNK,2008,2.76931
Denmark,DNK,2009,5.36377
Denmark,DNK,2010,7.53775
Denmark,DNK,2011,7.82136
Denmark,DNK,2012,8.13101
Denmark,DNK,2013,10.12547
Denmark,DNK,2014,9.93401
Denmark,DNK,2015,10.28315
Denmark,DNK,2016,10.81055
Denmark,DNK,2017,10.75681
Denmark,DNK,2018,10.70688
Denmark,DNK,2019,10.49075
Denmark,DNK,2020,10.23236
Denmark,DNK,2021,9.99085
Denmark,DNK,2022,10.13483
Djibouti,DJI,1999,0
Djibouti,DJI,2000,0
Djibouti,DJI,2001,0
Djibouti,DJI,2002,0
Djibouti,DJI,2005,0
Djibouti,DJI,2006,0
Djibouti,DJI,2009,0
Djibouti,DJI,2011,0
Dominican Republic,DOM,2012,3.48345
Dominican Republic,DOM,2014,2.34214
Dominican Republic,DOM,2015,2.07351
Dominican Republic,DOM,2016,1.95875
Dominican Republic,DOM,2017,1.72625
Dominican Republic,DOM,2020,1.88346
Dominican Republic,DOM,2021,2.36729
East Asia and Pacific (WB),,1997,1.25793
East Asia and Pacific (WB),,1998,1.21953
East Asia and Pacific (WB),,1999,1.18875
East Asia and Pacific (WB),,2000,1.15944
East Asia and Pacific (WB),,2001,1.13362
East Asia and Pacific (WB),,2002,1.30446
East Asia and Pacific (WB),,2003,1.2715
East Asia and Pacific (WB),,2004,1.14029
East Asia and Pacific (WB),,2005,1.11021
East Asia and Pacific (WB),,2006,1.08764
East Asia and Pacific (WB),,2007,1.14058
East Asia and Pacific (WB),,2008,1.19751
East Asia and Pacific (WB),,2009,1.299
East Asia and Pacific (WB),,2010,1.32386
East Asia and Pacific (WB),,2011,1.34046
East Asia and Pacific (WB),,2012,1.26449
East Asia and Pacific (WB),,2013,1.28897
East Asia and Pacific (WB),,2014,1.2137
East Asia and Pacific (WB),,2015,1.27604
East Asia and Pacific (WB),,2016,1.38128
East Asia and Pacific (WB),,2017,1.48749
East Asia and Pacific (WB),,2018,1.63848
East Asia and Pacific (WB),,2019,1.74676
East Asia and Pacific (WB),,2020,1.67635
East Asia and Pacific (WB),,2021,1.49647
Eastern and South-Eastern Asia (SDG),,1997,0.75442
Eastern and South-Eastern Asia (SDG),,1998,0.73038
Eastern and South-Eastern Asia (SDG),,1999,0.69063
Eastern and South-Eastern Asia (SDG),,2000,0.73521
Eastern and South-Eastern Asia (SDG),,2001,0.68201
Eastern and South-Eastern Asia (SDG),,2002,0.69524
Eastern and South-Eastern Asia (SDG),,2003,0.67644
Eastern and South-Eastern Asia (SDG),,2004,0.61226
Eastern and South-Eastern Asia (SDG),,2005,0.59614
Eastern and South-Eastern Asia (SDG),,2006,0.59852
Eastern and South-Eastern Asia (SDG),,2007,0.63208
Eastern and South-Eastern Asia (SDG),,2008,0.67912
Eastern and South-Eastern Asia (SDG),,2009,0.75427
Eastern and South-Eastern Asia (SDG),,2010,0.78237
Eastern and South-Eastern Asia (SDG),,2011,0.82236
Eastern and South-Eastern Asia (SDG),,2012,0.78773
Eastern and South-Eastern Asia (SDG),,2013,0.82968
Eastern and South-Eastern Asia (SDG),,2014,0.77637
Eastern and South-Eastern Asia (SDG),,2015,0.80316
Eastern and South-Eastern Asia (SDG),,2016,0.86662
Eastern and South-Eastern Asia (SDG),,2017,0.90824
Eastern and South-Eastern Asia (SDG),,2018,0.97311
Eastern and South-Eastern Asia (SDG),,2019,1.01942
Eastern and South-Eastern Asia (SDG),,2020,1.06115
Eastern and South-Eastern Asia (SDG),,2021,1.02219
Ecuador,ECU,2012,0.58947
Ecuador,ECU,2015,0.77692
Ecuador,ECU,2018,0.84983
Ecuador,ECU,2019,0.78799
Ecuador,ECU,2020,0.60496
Egypt,EGY,2003,1.29477
Egypt,EGY,2004,1.28559
Egypt,EGY,2005,1.30626
Egypt,EGY,2006,1.39679
Egypt,EGY,2007,1.40971
Egypt,EGY,2010,1.85239
Egypt,EGY,2013,1.77564
Egypt,EGY,2014,1.87944
Egypt,EGY,2016,1.83424
Egypt,EGY,2020,0.94443
Egypt,EGY,2022,1.98768
El Salvador,SLV,1998,0.47524
El Salvador,SLV,2000,0.49008
El Salvador,SLV,2001,0.49024
El Salvador,SLV,2002,0.44193
El Salvador,SLV,2003,0.45056
El Salvador,SLV,2004,0.45068
El Salvador,SLV,2005,0.43616
El Salvador,SLV,2006,0.49697
El Salvador,SLV,2007,0.58074
El Salvador,SLV,2008,0.62764
El Salvador,SLV,2009,0.52416
El Salvador,SLV,2010,0.50929
El Salvador,SLV,2011,0.48886
El Salvador,SLV,2012,0.40504
El Salvador,SLV,2013,0.42882
El Salvador,SLV,2014,0.3999
El Salvador,SLV,2015,0.38407
El Salvador,SLV,2016,0.39292
El Salvador,SLV,2017,0.35363
El Salvador,SLV,2018,0.51417
El Salvador,SLV,2019,0.37084
El Salvador,SLV,2020,0.38339
Eritrea,ERI,1999,2.30346
Eritrea,ERI,2000,1.28174
Estonia,EST,1999,1.62887
Estonia,EST,2000,1.60968
Estonia,EST,2001,1.04711
Estonia,EST,2002,0.74858
Estonia,EST,2003,1.71316
Estonia,EST,2004,1.26411
Estonia,EST,2005,1.56582
Estonia,EST,2006,1.55376
Estonia,EST,2007,1.40474
Estonia,EST,2008,1.51391
Estonia,EST,2009,1.5892
Estonia,EST,2010,1.783
Estonia,EST,2011,2.06908
Estonia,EST,2012,2.32668
Estonia,EST,2013,2.89479
Estonia,EST,2014,3.71679
Estonia,EST,2015,5.17803
Estonia,EST,2016,6.80341
Estonia,EST,2017,8.25813
Estonia,EST,2018,9.5929
Estonia,EST,2019,11.08737
Estonia,EST,2020,12.30143
Estonia,EST,2021,11.62462
Estonia,EST,2022,11.42165
Eswatini,SWZ,1999,2.54098
Eswatini,SWZ,2000,2.30055
Eswatini,SWZ,2002,2.4456
Eswatini,SWZ,2006,2.14336
Eswatini,SWZ,2011,0.88724
Eswatini,SWZ,2013,0.50887
Europe and Central Asia (WB),,1998,3.63744
Europe and Central Asia (WB),,1999,3.56942
Europe and Central Asia (WB),,2000,3.45351
Europe and Central Asia (WB),,2001,3.40087
Europe and Central Asia (WB),,2002,3.35011
Europe and Central Asia (WB),,2003,3.52564
Europe and Central Asia (WB),,2004,3.51782
Europe and Central Asia (WB),,2005,3.5984
Europe and Central Asia (WB),,2006,3.61989
Europe and Central Asia (WB),,2007,3.71541
Europe and Central Asia (WB),,2008,3.93906
Europe and Central Asia (WB),,2009,4.04535
Europe and Central Asia (WB),,2010,4.28119
Europe and Central Asia (WB),,2011,4.60462
Europe and Central Asia (WB),,2012,4.76358
Europe and Central Asia (WB),,2013,4.90925
Europe and Central Asia (WB),,2014,5.17209
Europe and Central Asia (WB),,2015,5.49977
Europe and Central Asia (WB),,2016,5.75616
Europe and Central Asia (WB),,2017,5.98146
Europe and Central Asia (WB),,2018,6.24139
Europe and Central Asia (WB),,2019,6.47251
Europe and Central Asia (WB),,2020,6.9645
Europe and Central Asia (WB),,2021,7.1991
Europe and Northern America (SDG),,1997,3.59558
Europe and Northern America (SDG),,1998,3.5968
Europe and Northern America (SDG),,1999,3.57075
Europe and Northern America (SDG),,2000,3.54246
Europe and Northern America (SDG),,2001,3.53889
Europe and Northern America (SDG),,2002,3.51131
Europe and Northern America (SDG),,2003,3.68507
Europe and Northern America (SDG),,2004,3.69583
Europe and Northern America (SDG),,2005,3.76658
Europe and Northern America (SDG),,2006,3.81332
Europe and Northern America (SDG),,2007,3.94691
Europe and Northern America (SDG),,2008,4.12462
Europe and Northern America (SDG),,2009,4.23539
Europe and Northern America (SDG),,2010,4.47805
Europe and Northern America (SDG),,2011,4.76384
Europe and Northern America (SDG),,2012,4.96363
Europe and Northern America (SDG),,2013,5.15415
Europe and Northern America (SDG),,2014,5.55848
Europe and Northern America (SDG),,2015,5.97498
Europe and Northern America (SDG),,2016,6.3856
Europe and Northern America (SDG),,2017,6.66946
Europe and Northern America (SDG),,2018,6.91637
Europe and Northern America (SDG),,2019,7.13558
Europe and Northern America (SDG),,2020,7.48461
Europe and Northern America (SDG),,2021,7.43131
European Union (27),,1998,4.36776
European Union (27),,1999,4.23664
European Union (27),,2000,4.27741
European Union (27),,2001,4.29101
European Union (27),,2002,4.32709
European Union (27),,2003,4.77387
European Union (27),,2004,4.41581
European Union (27),,2005,4.42121
European Union (27),,2006,4.56581
European Union (27),,2007,4.78302
European Union (27),,2008,4.8976
European Union (27),,2009,5.03589
European Union (27),,2010,5.33686
European Union (27),,2011,5.71415
European Union (27),,2012,5.83001
European Union (27),,2013,5.97598
European Union (27),,2014,6.23573
European Union (27),,2015,6.62564
European Union (27),,2016,6.99343
European Union (27),,2017,7.35965
European Union (27),,2018,7.69541
European Union (27),,2019,7.6961
European Union (27),,2020,8.11333
European Union (27),,2021,8.19731
Fiji,FJI,2004,32.94219
Finland,FIN,1998,1.73207
Finland,FIN,1999,1.84374
Finland,FIN,2000,2.06155
Finland,FIN,2001,2.2487
Finland,FIN,2002,2.38192
Finland,FIN,2003,2.52379
Finland,FIN,2004,2.63932
Finland,FIN,2005,2.75886
Finland,FIN,2006,3.72662
Finland,FIN,2007,3.25589
Finland,FIN,2008,3.65027
Finland,FIN,2009,4.24549
Finland,FIN,2010,4.64398
Finland,FIN,2011,5.09412
Finland,FIN,2012,5.70885
Finland,FIN,2013,7.0739
Finland,FIN,2014,7.43498
Finland,FIN,2015,7.6508
Finland,FIN,2016,7.80615
Finland,FIN,2017,8.17791
Finland,FIN,2018,8.05185
Finland,FIN,2019,8.05345
Finland,FIN,2020,7.97198
Finland,FIN,2021,8.07741
Finland,FIN,2022,8.48342
France,FRA,1999,6.50792
France,FRA,2000,6.80206
France,FRA,2001,7.25495
France,FRA,2002,8.1529
France,FRA,2003,10.45547
France,FRA,2004,10.99787
France,FRA,2005,10.81283
France,FRA,2006,11.24432
France,FRA,2007,11.31505
France,FRA,2008,11.24656
France,FRA,2009,11.46616
France,FRA,2010,11.5779
France,FRA,2011,11.87069
France,FRA,2012,11.81894
France,FRA,2013,9.77869
France,FRA,2014,9.84239
France,FRA,2015,9.87597
France,FRA,2016,9.89236
France,FRA,2017,10.20123
France,FRA,2018,8.76849
France,FRA,2019,9.1747
France,FRA,2020,9.1854
France,FRA,2021,9.00071
France,FRA,2022,9.13704
Gabon,GAB,1999,5.647
Gabon,GAB,2001,4.53142
Gabon,GAB,2003,3.69194
Georgia,GEO,1999,0.26198
Georgia,GEO,2000,0.14813
Georgia,GEO,2001,0.29866
Georgia,GEO,2002,0.29502
Georgia,GEO,2003,0.2779
Georgia,GEO,2004,0.28505
Georgia,GEO,2005,0.12223
Georgia,GEO,2006,0.09932
Georgia,GEO,2007,0.3029
Georgia,GEO,2008,0.47796
Georgia,GEO,2009,0.52402
Georgia,GEO,2010,0.78716
Georgia,GEO,2011,1.54581
Georgia,GEO,2012,1.68049
Georgia,GEO,2013,3.03337
Georgia,GEO,2015,3.74511
Georgia,GEO,2016,4.93164
Georgia,GEO,2017,5.53843
Georgia,GEO,2018,6.74764
Georgia,GEO,2019,8.1117
Georgia,GEO,2020,8.72306
Georgia,GEO,2021,9.06177
Georgia,GEO,2022,10.72119
Germany,DEU,2013,7.07259
Germany,DEU,2014,7.22965
Germany,DEU,2015,7.6821
Germany,DEU,2016,8.03708
Germany,DEU,2017,8.37318
Germany,DEU,2018,9.96628
Germany,DEU,2019,10.10946
Germany,DEU,2020,11.24126
Germany,DEU,2021,11.22932
Ghana,GHA,2007,1.35626
Ghana,GHA,2008,1.44739
Ghana,GHA,2011,1.98767
Ghana,GHA,2012,3.09199
Ghana,GHA,2013,3.0441
Ghana,GHA,2014,3.89987
Ghana,GHA,2015,4.26816
Ghana,GHA,2016,3.79014
Ghana,GHA,2017,2.92312
Ghana,GHA,2018,2.24818
Ghana,GHA,2019,1.39172
Ghana,GHA,2020,1.04525
Ghana,GHA,2021,0.91278
Ghana,GHA,2022,0.85291
Gibraltar,GIB,1999,0
Gibraltar,GIB,2000,0
Gibraltar,GIB,2001,0
Gibraltar,GIB,2002,0
Gibraltar,GIB,2003,0
Gibraltar,GIB,2008,0
Gibraltar,GIB,2016,0
Gibraltar,GIB,2020,0
Greece,GRC,2002,1.62783
Greece,GRC,2003,2.21847
Greece,GRC,2004,2.4055
Greece,GRC,2005,2.42659
Greece,GRC,2006,2.53567
Greece,GRC,2007,3.50995
Greece,GRC,2010,4.18092
Greece,GRC,2011,4.96836
Greece,GRC,2012,4.37127
Greece,GRC,2013,4.18636
Greece,GRC,2016,3.34523
Greece,GRC,2017,3.41035
Greece,GRC,2018,3.43277
Greece,GRC,2019,3.4994
Greece,GRC,2020,2.79536
Greece,GRC,2021,2.81952
Grenada,GRD,2009,63.3129
Grenada,GRD,2015,68.233
Grenada,GRD,2016,69.33231
Grenada,GRD,2017,71.73818
Grenada,GRD,2018,85.23758
Guatemala,GTM,2019,0.22938
Guinea,GIN,2004,2.15472
Guinea,GIN,2006,2.10484
Guinea,GIN,2008,0.93241
Guinea,GIN,2011,1.31018
Guinea,GIN,2012,0.91922
Guyana,GUY,2004,0
Guyana,GUY,2005,0.59082
Guyana,GUY,2007,0.45141
Guyana,GUY,2009,0.51937
Guyana,GUY,2010,0.50384
Guyana,GUY,2011,0.53783
Guyana,GUY,2012,0.38388
High income countries,,1997,3.93595
High income countries,,1998,3.9863
High income countries,,1999,3.99303
High income countries,,2000,3.99497
High income countries,,2001,4.0581
High income countries,,2002,4.22617
High income countries,,2003,4.51258
High income countries,,2004,4.47788
High income countries,,2005,4.55307
High income countries,,2006,4.6763
High income countries,,2007,4.92207
High income countries,,2008,4.99258
High income countries,,2009,5.18958
High income countries,,2010,5.37846
High income countries,,2011,5.58944
High income countries,,2012,5.64501
High income countries,,2013,5.75134
High income countries,,2014,6.06552
High income countries,,2015,6.43878
High income countries,,2016,6.84499
High income countries,,2017,7.29485
High income countries,,2018,7.75593
High income countries,,2019,8.15493
High income countries,,2020,8.40312
High income countries,,2021,8.20071
Honduras,HND,2003,0.6832
Honduras,HND,2010,0.72876
Honduras,HND,2012,0.90434
Honduras,HND,2013,0.89048
Honduras,HND,2014,0.69347
Honduras,HND,2015,0.76432
Honduras,HND,2016,1.17883
Honduras,HND,2017,1.13761
Honduras,HND,2018,0.94265
Honduras,HND,2019,0.82542
Hong Kong,HKG,2003,1.81938
Hong Kong,HKG,2004,2.21359
Hong Kong,HKG,2005,2.50634
Hong Kong,HKG,2006,3.15792
Hong Kong,HKG,2007,3.23009
Hong Kong,HKG,2008,2.91432
Hong Kong,HKG,2009,3.63586
Hong Kong,HKG,2010,3.89974
Hong Kong,HKG,2011,6.63889
Hong Kong,HKG,2012,7.81951
Hong Kong,HKG,2013,8.89862
Hong Kong,HKG,2014,9.84401
Hong Kong,HKG,2015,10.70008
Hong Kong,HKG,2016,10.65677
Hong Kong,HKG,2017,11.44103
Hong Kong,HKG,2018,12.50772
Hong Kong,HKG,2019,14.31223
Hong Kong,HKG,2020,16.21058
Hong Kong,HKG,2021,16.48258
Hong Kong,HKG,2022,19.03713
Hungary,HUN,1998,2.60549
Hungary,HUN,1999,3.17434
Hungary,HUN,2000,3.22531
Hungary,HUN,2001,3.40101
Hungary,HUN,2002,3.32462
Hungary,HUN,2003,3.13123
Hungary,HUN,2004,3.05867
Hungary,HUN,2005,3.11941
Hungary,HUN,2006,3.30315
Hungary,HUN,2007,3.50115
Hungary,HUN,2008,3.73663
Hungary,HUN,2009,3.65068
Hungary,HUN,2010,4.01234
Hungary,HUN,2011,4.31103
Hungary,HUN,2012,4.60136
Hungary,HUN,2013,5.7637
Hungary,HUN,2014,7.04436
Hungary,HUN,2015,7.05393
Hungary,HUN,2016,8.85625
Hungary,HUN,2017,9.97429
Hungary,HUN,2018,11.41062
Hungary,HUN,2019,12.6053
Hungary,HUN,2020,13.4762
Hungary,HUN,2021,13.19163
Iceland,ISL,1998,2.39506
Iceland,ISL,1999,2.44623
Iceland,ISL,2000,4.16882
Iceland,ISL,2001,4.13394
Iceland,ISL,2002,4.07459
Iceland,ISL,2003,4.34555
Iceland,ISL,2004,3.32427
Iceland,ISL,2006,4.54806
Iceland,ISL,2007,4.94912
Iceland,ISL,2008,4.32926
Iceland,ISL,2009,4.62793
Iceland,ISL,2010,4.92493
Iceland,ISL,2011,5.83179
Iceland,ISL,2012,6.20975
Iceland,ISL,2013,6.54029
Iceland,ISL,2014,7.39661
Iceland,ISL,2016,6.77784
Iceland,ISL,2017,6.85145
Iceland,ISL,2018,8.01794
Iceland,ISL,2019,8.44947
Iceland,ISL,2020,8.51108
Iceland,ISL,2021,7.89689
India,IND,2000,0.07431
India,IND,2001,0.07922
India,IND,2002,0.07701
India,IND,2003,0.06851
India,IND,2004,0.06403
India,IND,2005,0.09602
India,IND,2006,0.09628
India,IND,2011,0.1033
India,IND,2012,0.09918
India,IND,2013,0.12216
India,IND,2014,0.12866
India,IND,2015,0.13079
India,IND,2016,0.1382
India,IND,2017,0.13994
India,IND,2018,0.13419
India,IND,2019,0.13493
India,IND,2020,0.1356
India,IND,2021,0.12378
India,IND,2022,0.11507
Indonesia,IDN,2005,0.05532
Indonesia,IDN,2006,0.12933
Indonesia,IDN,2007,0.13973
Indonesia,IDN,2008,0.12191
Indonesia,IDN,2010,0.12871
Indonesia,IDN,2012,0.11606
Indonesia,IDN,2015,0.10371
Indonesia,IDN,2016,0.1005
Indonesia,IDN,2017,0.09772
Indonesia,IDN,2018,0.09552
Iran,IRN,2003,0.08458
Iran,IRN,2004,0.09162
Iran,IRN,2005,0.09086
Iran,IRN,2006,0.0968
Iran,IRN,2007,0.07396
Iran,IRN,2008,0.03635
Iran,IRN,2009,0.04332
Iran,IRN,2010,0.08394
Iran,IRN,2011,0.10546
Iran,IRN,2012,0.10244
Iran,IRN,2013,0.16157
Iran,IRN,2014,0.24092
Iran,IRN,2015,0.28665
Iran,IRN,2016,0.43
Iran,IRN,2017,0.51637
Iran,IRN,2018,0.56912
Iran,IRN,2019,0.64034
Iran,IRN,2020,0.76592
Iraq,IRQ,2000,2.86833
Iraq,IRQ,2004,0.86221
Ireland,IRL,1998,4.83561
Ireland,IRL,1999,4.75264
Ireland,IRL,2000,4.6155
Ireland,IRL,2001,4.92617
Ireland,IRL,2002,5.2219
Ireland,IRL,2003,5.61862
Ireland,IRL,2004,6.74296
Ireland,IRL,2005,6.90766
Ireland,IRL,2006,6.84784
Ireland,IRL,2007,8.80383
Ireland,IRL,2008,7.16678
Ireland,IRL,2009,7.08454
Ireland,IRL,2010,6.95277
Ireland,IRL,2011,10.70594
Ireland,IRL,2012,5.76183
Ireland,IRL,2013,6.44894
Ireland,IRL,2014,6.99714
Ireland,IRL,2015,7.36843
Ireland,IRL,2016,8.18777
Ireland,IRL,2017,8.88011
Ireland,IRL,2018,9.63793
Ireland,IRL,2019,10.71472
Ireland,IRL,2020,10.19912
Ireland,IRL,2021,9.29442
Israel,ISR,2010,0.80249
Israel,ISR,2011,1.07913
Israel,ISR,2012,1.18835
Israel,ISR,2013,2.75871
Israel,ISR,2014,2.77781
Israel,ISR,2020,3.43936
Israel,ISR,2021,3.35191
Italy,ITA,1999,1.30734
Italy,ITA,2000,1.40842
Italy,ITA,2001,1.61274
Italy,ITA,2002,1.53419
Italy,ITA,2003,1.88867
Italy,ITA,2004,2.04586
Italy,ITA,2005,2.22933
Italy,ITA,2006,2.41939
Italy,ITA,2007,2.81618
Italy,ITA,2008,3.3918
Italy,ITA,2009,3.27447
Italy,ITA,2010,3.52984
Italy,ITA,2011,3.73984
Italy,ITA,2012,4.03608
Italy,ITA,2013,4.40275
Italy,ITA,2014,4.72098
Italy,ITA,2015,4.95046
Italy,ITA,2016,5.10229
Italy,ITA,2017,5.31085
Italy,ITA,2018,5.62297
Italy,ITA,2019,2.83084
Italy,ITA,2020,2.88108
Italy,ITA,2021,3.44738
Jamaica,JAM,1999,2.85256
Jamaica,JAM,2000,2.2142
Japan,JPN,1998,1.40655
Japan,JPN,1999,1.43505
Japan,JPN,2013,3.51571
Japan,JPN,2014,3.43525
Japan,JPN,2015,3.43216
Japan,JPN,2016,3.72913
Japan,JPN,2017,4.26516
Japan,JPN,2018,4.73214
Japan,JPN,2019,5.23799
Japan,JPN,2020,5.7313
Japan,JPN,2021,5.57453
Jordan,JOR,2000,8.54842
Jordan,JOR,2003,8.49459
Jordan,JOR,2004,10.85537
Jordan,JOR,2005,9.86168
Jordan,JOR,2006,9.77224
Jordan,JOR,2007,9.73033
Jordan,JOR,2008,10.45605
Jordan,JOR,2009,10.37279
Jordan,JOR,2010,11.11134
Jordan,JOR,2011,9.93163
Jordan,JOR,2012,9.10902
Jordan,JOR,2015,12.91063
Jordan,JOR,2016,14.89943
Jordan,JOR,2017,13.94028
Jordan,JOR,2018,13.96153
Jordan,JOR,2019,12.90606
Jordan,JOR,2020,12.23379
Jordan,JOR,2021,12.33466
Jordan,JOR,2022,10.76486
Kazakhstan,KAZ,1999,2.33031
Kazakhstan,KAZ,2000,1.97337
Kazakhstan,KAZ,2006,1.24099
Kazakhstan,KAZ,2010,1.58238
Kazakhstan,KAZ,2011,1.304
Kazakhstan,KAZ,2012,1.08963
Kazakhstan,KAZ,2013,1.11459
Kazakhstan,KAZ,2014,1.50921
Kazakhstan,KAZ,2015,1.51531
Kazakhstan,KAZ,2016,2.00999
Kazakhstan,KAZ,2017,2.21043
Kazakhstan,KAZ,2018,2.26755
Kazakhstan,KAZ,2019,3.31774
Kazakhstan,KAZ,2020,5.50775
Kenya,KEN,2016,0.88597
Kenya,KEN,2017,0.93401
Kenya,KEN,2019,1.29359
Kiribati,KIR,1999,0
Kiribati,KIR,2000,0
Kiribati,KIR,2001,0
Kiribati,KIR,2002,0
Kiribati,KIR,2003,0
Kiribati,KIR,2004,0
Kiribati,KIR,2005,0
Kiribati,KIR,2006,0
Kiribati,KIR,2007,0
Kiribati,KIR,2008,0
Kiribati,KIR,2012,0
Kyrgyzstan,KGZ,2001,4.18198
Kyrgyzstan,KGZ,2002,5.69715
Kyrgyzstan,KGZ,2003,6.68231
Kyrgyzstan,KGZ,2004,7.91769
Kyrgyzstan,KGZ,2005,10.68901
Kyrgyzstan,KGZ,2006,11.70036
Kyrgyzstan,KGZ,2007,11.36478
Kyrgyzstan,KGZ,2008,9.42909
Kyrgyzstan,KGZ,2009,7.57928
Kyrgyzstan,KGZ,2010,6.30317
Kyrgyzstan,KGZ,2011,5.09138
Kyrgyzstan,KGZ,2012,3.7644
Kyrgyzstan,KGZ,2013,3.95743
Kyrgyzstan,KGZ,2014,4.50545
Kyrgyzstan,KGZ,2015,4.79422
Kyrgyzstan,KGZ,2016,5.9315
Kyrgyzstan,KGZ,2017,6.55259
Kyrgyzstan,KGZ,2018,7.5951
Kyrgyzstan,KGZ,2019,8.97558
Kyrgyzstan,KGZ,2020,15.53957
Kyrgyzstan,KGZ,2021,23.04546
Kyrgyzstan,KGZ,2022,28.54833
Laos,LAO,1999,0.65419
Laos,LAO,2000,0.53007
Laos,LAO,2001,0.74052
Laos,LAO,2002,0.56043
Laos,LAO,2003,0.33787
Laos,LAO,2004,0.63685
Laos,LAO,2005,0.3669
Laos,LAO,2006,0.30679
Laos,LAO,2007,0.33865
Laos,LAO,2008,0.37113
Laos,LAO,2009,0.59996
Laos,LAO,2010,0.61287
Laos,LAO,2011,0.62718
Laos,LAO,2012,0.46551
Laos,LAO,2013,0.23123
Laos,LAO,2014,0.41001
Laos,LAO,2015,0.24195
Laos,LAO,2016,0.36814
Laos,LAO,2017,0.42366
Laos,LAO,2018,0.46947
Laos,LAO,2019,0.4618
Laos,LAO,2020,0.57684
Latin America & Caribbean (WB),,1998,0.56055
Latin America & Caribbean (WB),,1999,0.51999
Latin America & Caribbean (WB),,2000,0.50947
Latin America & Caribbean (WB),,2001,0.54736
Latin America & Caribbean (WB),,2002,0.56141
Latin America & Caribbean (WB),,2003,0.61176
Latin America & Caribbean (WB),,2004,0.58536
Latin America & Caribbean (WB),,2005,0.59492
Latin America & Caribbean (WB),,2006,0.60347
Latin America & Caribbean (WB),,2007,0.69951
Latin America & Caribbean (WB),,2008,0.72468
Latin America & Caribbean (WB),,2009,0.72864
Latin America & Caribbean (WB),,2010,0.72654
Latin America & Caribbean (WB),,2011,0.68181
Latin America & Caribbean (WB),,2012,0.67388
Latin America & Caribbean (WB),,2013,0.65216
Latin America & Caribbean (WB),,2014,0.63752
Latin America & Caribbean (WB),,2015,0.64825
Latin America & Caribbean (WB),,2016,0.65877
Latin America & Caribbean (WB),,2017,0.74054
Latin America & Caribbean (WB),,2018,0.74756
Latin America & Caribbean (WB),,2019,0.87051
Latin America & Caribbean (WB),,2020,0.91936
Latin America & Caribbean (WB),,2021,0.92658
Latin America and the Caribbean (SDG),,1998,0.56055
Latin America and the Caribbean (SDG),,1999,0.51999
Latin America and the Caribbean (SDG),,2000,0.50947
Latin America and the Caribbean (SDG),,2001,0.54736
Latin America and the Caribbean (SDG),,2002,0.56141
Latin America and the Caribbean (SDG),,2003,0.61178
Latin America and the Caribbean (SDG),,2004,0.58536
Latin America and the Caribbean (SDG),,2005,0.59492
Latin America and the Caribbean (SDG),,2006,0.60347
Latin America and the Caribbean (SDG),,2007,0.69951
Latin America and the Caribbean (SDG),,2008,0.72468
Latin America and the Caribbean (SDG),,2009,0.72864
Latin America and the Caribbean (SDG),,2010,0.72654
Latin America and the Caribbean (SDG),,2011,0.6818
Latin America and the Caribbean (SDG),,2012,0.67388
Latin America and the Caribbean (SDG),,2013,0.65215
Latin America and the Caribbean (SDG),,2014,0.63752
Latin America and the Caribbean (SDG),,2015,0.64825
Latin America and the Caribbean (SDG),,2016,0.65877
Latin America and the Caribbean (SDG),,2017,0.74053
Latin America and the Caribbean (SDG),,2018,0.74755
Latin America and the Caribbean (SDG),,2019,0.87051
Latin America and the Caribbean (SDG),,2020,0.91936
Latin America and the Caribbean (SDG),,2021,0.92658
Latvia,LVA,1999,2.25129
Latvia,LVA,2000,6.56641
Latvia,LVA,2001,7.70264
Latvia,LVA,2002,2.95113
Latvia,LVA,2003,2.00935
Latvia,LVA,2004,1.0168
Latvia,LVA,2005,1.28303
Latvia,LVA,2007,1.10659
Latvia,LVA,2008,1.15451
Latvia,LVA,2009,1.26595
Latvia,LVA,2010,1.56351
Latvia,LVA,2011,1.90552
Latvia,LVA,2012,2.79882
Latvia,LVA,2013,3.71002
Latvia,LVA,2014,4.9927
Latvia,LVA,2015,6.11893
Latvia,LVA,2016,7.67068
Latvia,LVA,2017,7.3932
Latvia,LVA,2018,9.26938
Latvia,LVA,2019,10.42872
Latvia,LVA,2020,12.77957
Latvia,LVA,2021,12.7629
Latvia,LVA,2022,12.67835
Lebanon,LBN,1999,13.79908
Lebanon,LBN,2000,12.0744
Lebanon,LBN,2001,11.02091
Lebanon,LBN,2002,10.62322
Lebanon,LBN,2003,8.47622
Lebanon,LBN,2004,9.00831
Lebanon,LBN,2005,8.49152
Lebanon,LBN,2006,9.93456
Lebanon,LBN,2007,12.12157
Lebanon,LBN,2010,15.04164
Lebanon,LBN,2011,15.29991
Lebanon,LBN,2012,12.81611
Lebanon,LBN,2014,7.64127
Lebanon,LBN,2015,9.85457
Lebanon,LBN,2016,8.87242
Lebanon,LBN,2017,8.89405
Lebanon,LBN,2018,9.30649
Lebanon,LBN,2019,9.58779
Lebanon,LBN,2020,9.24808
Lebanon,LBN,2021,12.3974
Lebanon,LBN,2022,14.27649
Lesotho,LSO,1999,24.34503
Lesotho,LSO,2003,1.89915
Lesotho,LSO,2006,0.62353
Lesotho,LSO,2012,0.4979
Lesotho,LSO,2013,0.43202
Lesotho,LSO,2014,0.39499
Lesotho,LSO,2015,0.32312
Lesotho,LSO,2017,0.32784
Lesotho,LSO,2018,0.35208
Liechtenstein,LIE,2004,77.44361
Liechtenstein,LIE,2006,90.09434
Liechtenstein,LIE,2007,86.47845
Liechtenstein,LIE,2008,81.625
Liechtenstein,LIE,2009,74.40318
Liechtenstein,LIE,2010,75.22236
Liechtenstein,LIE,2011,78.96341
Liechtenstein,LIE,2012,80.625
Liechtenstein,LIE,2014,85.3012
Liechtenstein,LIE,2015,87.6
Liechtenstein,LIE,2016,88.88889
Liechtenstein,LIE,2017,87.98498
Liechtenstein,LIE,2018,88.40494
Liechtenstein,LIE,2019,86.38858
Liechtenstein,LIE,2020,87.14597
Liechtenstein,LIE,2021,85.58187
Lithuania,LTU,1999,0.44406
Lithuania,LTU,2000,0.44215
Lithuania,LTU,2001,0.46203
Lithuania,LTU,2002,0.45971
Lithuania,LTU,2003,0.41108
Lithuania,LTU,2004,0.40404
Lithuania,LTU,2005,0.43858
Lithuania,LTU,2006,0.61498
Lithuania,LTU,2007,0.95119
Lithuania,LTU,2008,1.4431
Lithuania,LTU,2009,1.34001
Lithuania,LTU,2010,1.47636
Lithuania,LTU,2011,1.60541
Lithuania,LTU,2012,1.79247
Lithuania,LTU,2013,2.45155
Lithuania,LTU,2015,3.53768
Lithuania,LTU,2016,4.11113
Lithuania,LTU,2017,4.61295
Lithuania,LTU,2018,5.32603
Lithuania,LTU,2019,5.99188
Lithuania,LTU,2020,6.16129
Lithuania,LTU,2021,7.32909
Low income countries,,2008,1.125
Low income countries,,2009,1.17865
Low income countries,,2010,1.21483
Low income countries,,2011,1.30333
Low income countries,,2012,1.31808
Lower-middle income countries,,1999,0.65481
Lower-middle income countries,,2000,0.58224
Lower-middle income countries,,2001,0.5355
Lower-middle income countries,,2002,0.5517
Lower-middle income countries,,2003,0.52875
Lower-middle income countries,,2004,0.54192
Lower-middle income countries,,2005,0.58504
Lower-middle income countries,,2006,0.60308
Lower-middle income countries,,2007,0.58961
Lower-middle income countries,,2008,0.57553
Lower-middle income countries,,2009,0.56699
Lower-middle income countries,,2010,0.55208
Lower-middle income countries,,2011,0.48883
Lower-middle income countries,,2012,0.48687
Lower-middle income countries,,2013,0.51891
Lower-middle income countries,,2014,0.54193
Lower-middle income countries,,2015,0.55332
Lower-middle income countries,,2016,0.56091
Lower-middle income countries,,2017,0.54497
Lower-middle income countries,,2018,0.5442
Lower-middle income countries,,2019,0.53525
Lower-middle income countries,,2020,0.55525
Lower-middle income countries,,2021,0.61403
Luxembourg,LUX,1999,26.09044
Luxembourg,LUX,2006,42.23626
Luxembourg,LUX,2008,43.80604
Luxembourg,LUX,2010,41.40625
Luxembourg,LUX,2012,40.55875
Luxembourg,LUX,2015,45.86717
Luxembourg,LUX,2016,46.99454
Luxembourg,LUX,2017,46.72712
Luxembourg,LUX,2018,47.73534
Luxembourg,LUX,2019,48.64827
Luxembourg,LUX,2020,48.38796
Luxembourg,LUX,2021,49.30202
Macao,MAC,2001,54.12975
Macao,MAC,2002,64.12079
Macao,MAC,2003,66.7669
Macao,MAC,2004,58.94419
Macao,MAC,2005,54.27412
Macao,MAC,2006,51.89558
Macao,MAC,2007,49.98324
Macao,MAC,2008,49.78156
Macao,MAC,2009,49.84551
Macao,MAC,2010,45.82711
Macao,MAC,2011,44.63777
Macao,MAC,2012,31.53334
Macao,MAC,2013,33.57935
Macao,MAC,2014,36.82802
Macao,MAC,2015,39.68997
Macao,MAC,2016,42.38036
Macao,MAC,2017,45.25496
Macao,MAC,2018,48.8096
Macao,MAC,2019,52.48695
Macao,MAC,2020,55.77312
Macao,MAC,2021,59.25102
Macao,MAC,2022,64.15827
Madagascar,MDG,1999,3.47403
Madagascar,MDG,2002,3.75568
Madagascar,MDG,2004,2.89253
Madagascar,MDG,2005,2.7276
Madagascar,MDG,2006,2.37923
Madagascar,MDG,2007,1.85207
Madagascar,MDG,2008,1.71744
Madagascar,MDG,2009,1.80689
Madagascar,MDG,2010,1.76374
Madagascar,MDG,2011,1.67391
Madagascar,MDG,2012,1.73658
Madagascar,MDG,2013,1.74538
Madagascar,MDG,2014,1.76687
Madagascar,MDG,2015,1.81263
Madagascar,MDG,2016,1.76821
Madagascar,MDG,2017,1.74337
Madagascar,MDG,2018,1.346
Madagascar,MDG,2019,1.91368
Madagascar,MDG,2020,0.89226
Madagascar,MDG,2022,0.55187
Malawi,MWI,2010,1.13636
Malaysia,MYS,1998,0.70669
Malaysia,MYS,1999,0.74109
Malaysia,MYS,2000,3.43988
Malaysia,MYS,2001,2.95808
Malaysia,MYS,2002,4.38567
Malaysia,MYS,2003,4.18907
Malaysia,MYS,2004,3.20637
Malaysia,MYS,2006,3.31006
Malaysia,MYS,2007,3.79824
Malaysia,MYS,2008,4.47932
Malaysia,MYS,2009,5.77839
Malaysia,MYS,2010,6.10022
Malaysia,MYS,2011,6.13931
Malaysia,MYS,2012,5.22005
Malaysia,MYS,2014,8.83383
Malaysia,MYS,2015,8.55877
Malaysia,MYS,2016,9.28757
Malaysia,MYS,2017,8.06813
Malaysia,MYS,2019,6.72713
Malaysia,MYS,2020,7.47778
Malaysia,MYS,2021,8.06567
Malaysia,MYS,2022,8.97039
Maldives,MDV,1998,0
Maldives,MDV,1999,0
Maldives,MDV,2000,0
Maldives,MDV,2001,0
Maldives,MDV,2002,0
Maldives,MDV,2003,0
Mali,MLI,1999,6.54271
Mali,MLI,2000,6.54144
Mali,MLI,2011,1.27296
Mali,MLI,2012,0.8567
Mali,MLI,2013,0.96661
Mali,MLI,2014,0.87495
Mali,MLI,2015,0.85628
Malta,MLT,1999,4.36732
Malta,MLT,2000,5.55819
Malta,MLT,2001,4.58098
Malta,MLT,2002,4.8216
Malta,MLT,2003,4.57188
Malta,MLT,2004,5.61841
Malta,MLT,2005,6.40822
Malta,MLT,2006,7.16207
Malta,MLT,2007,6.18693
Malta,MLT,2008,4.6136
Malta,MLT,2009,4.33733
Malta,MLT,2011,4.09886
Malta,MLT,2012,4.84307
Malta,MLT,2013,5.05806
Malta,MLT,2014,5.86043
Malta,MLT,2015,6.21217
Malta,MLT,2016,8.43274
Malta,MLT,2017,8.28423
Malta,MLT,2018,9.95401
Malta,MLT,2019,12.43972
Malta,MLT,2020,14.15486
Malta,MLT,2021,16.46597
Malta,MLT,2022,23.80354
Marshall Islands,MHL,2012,0.97744
Marshall Islands,MHL,2019,5.62092
Marshall Islands,MHL,2022,2.98137
Mauritania,MRT,1999,5.05585
Mauritania,MRT,2002,3.79298
Mauritania,MRT,2003,2.0132
Mauritania,MRT,2015,1.36058
Mauritania,MRT,2016,2.03649
Mauritania,MRT,2017,1.4403
Mauritania,MRT,2019,1.45194
Mauritania,MRT,2020,1.44821
Mauritius,MUS,2004,0.42548
Mauritius,MUS,2006,0.25201
Mauritius,MUS,2009,1.55836
Mauritius,MUS,2010,1.78299
Mauritius,MUS,2011,1.76851
Mauritius,MUS,2012,2.30051
Mauritius,MUS,2013,2.86874
Mauritius,MUS,2014,3.82134
Mauritius,MUS,2015,4.02419
Mauritius,MUS,2016,4.54712
Mauritius,MUS,2017,5.37194
Mauritius,MUS,2020,6.71154
Mauritius,MUS,2021,6.71081
Mauritius,MUS,2022,7.05212
Mexico,MEX,1999,0.12476
Mexico,MEX,2001,0.09488
Mexico,MEX,2002,0.08812
Mexico,MEX,2013,0.243
Mexico,MEX,2015,0.28429
Mexico,MEX,2016,0.29813
Mexico,MEX,2017,0.56712
Mexico,MEX,2018,0.15834
Mexico,MEX,2019,0.70708
Mexico,MEX,2020,0.88129
Mexico,MEX,2021,1.03134
Mexico,MEX,2022,1.17654
Middle East & North Africa (WB),,2002,2.13028
Middle East & North Africa (WB),,2003,2.06519
Middle East & North Africa (WB),,2004,1.91453
Middle East & North Africa (WB),,2005,1.80789
Middle East & North Africa (WB),,2006,1.8031
Middle East & North Africa (WB),,2007,1.79474
Middle East & North Africa (WB),,2008,1.78815
Middle East & North Africa (WB),,2009,1.88923
Middle East & North Africa (WB),,2010,1.92746
Middle East & North Africa (WB),,2011,1.99064
Middle East & North Africa (WB),,2012,1.99822
Middle East & North Africa (WB),,2013,2.17443
Middle East & North Africa (WB),,2014,2.25556
Middle East & North Africa (WB),,2015,2.33161
Middle East & North Africa (WB),,2016,2.5312
Middle East & North Africa (WB),,2017,2.80034
Middle East & North Africa (WB),,2018,3.10601
Middle East & North Africa (WB),,2019,3.37782
Middle East & North Africa (WB),,2020,3.27844
Middle East & North Africa (WB),,2021,3.43807
Moldova,MDA,1999,1.63689
Moldova,MDA,2000,1.88659
Moldova,MDA,2001,2.50717
Moldova,MDA,2002,2.70024
Moldova,MDA,2003,2.11751
Moldova,MDA,2004,2.08533
Moldova,MDA,2005,1.73686
Moldova,MDA,2006,1.34052
Moldova,MDA,2007,1.26778
Moldova,MDA,2008,1.12325
Moldova,MDA,2009,1.08105
Moldova,MDA,2010,1.20921
Moldova,MDA,2011,1.24973
Moldova,MDA,2012,1.55068
Moldova,MDA,2013,1.883
Moldova,MDA,2014,2.05545
Moldova,MDA,2015,2.49829
Moldova,MDA,2016,3.62866
Moldova,MDA,2017,4.13059
Moldova,MDA,2018,5.0735
Moldova,MDA,2019,5.57991
Moldova,MDA,2020,6.63264
Moldova,MDA,2021,6.46657
Moldova,MDA,2022,6.95462
Monaco,MCO,2017,0.34404
Monaco,MCO,2020,24.65897
Monaco,MCO,2021,27.92023
Monaco,MCO,2022,82.95351
Monaco,MCO,2023,85.34483
Mongolia,MNG,1999,0.44736
Mongolia,MNG,2000,0.31206
Mongolia,MNG,2001,0.28245
Mongolia,MNG,2003,0.19382
Mongolia,MNG,2004,0.38441
Mongolia,MNG,2005,0.61539
Mongolia,MNG,2006,0.77526
Mongolia,MNG,2007,0.78014
Mongolia,MNG,2008,0.79653
Mongolia,MNG,2009,0.6818
Mongolia,MNG,2010,0.60084
Mongolia,MNG,2011,0.60702
Mongolia,MNG,2012,0.60855
Mongolia,MNG,2013,0.62143
Mongolia,MNG,2014,0.64496
Mongolia,MNG,2015,0.69344
Mongolia,MNG,2016,0.89162
Mongolia,MNG,2017,0.9673
Mongolia,MNG,2018,1.0538
Mongolia,MNG,2019,1.4433
Mongolia,MNG,2022,1.03858
Mongolia,MNG,2023,2.47338
Montserrat,MSR,1999,0
Montserrat,MSR,2000,0
Montserrat,MSR,2001,0
Montserrat,MSR,2002,0
Montserrat,MSR,2003,0
Montserrat,MSR,2004,0
Montserrat,MSR,2005,0
Montserrat,MSR,2006,0
Montserrat,MSR,2007,0
Montserrat,MSR,2009,0
Montserrat,MSR,2019,0
Morocco,MAR,1999,1.53377
Morocco,MAR,2000,1.52283
Morocco,MAR,2001,1.44597
Morocco,MAR,2003,1.52202
Morocco,MAR,2004,1.85662
Morocco,MAR,2005,1.34891
Morocco,MAR,2006,1.56729
Morocco,MAR,2007,1.90142
Morocco,MAR,2008,1.88274
Morocco,MAR,2009,1.89005
Morocco,MAR,2010,1.92468
Morocco,MAR,2013,1.4057
Morocco,MAR,2014,1.80135
Morocco,MAR,2015,1.75335
Morocco,MAR,2016,1.74793
Morocco,MAR,2017,1.9926
Morocco,MAR,2018,1.93229
Morocco,MAR,2019,1.97236
Morocco,MAR,2020,2.06493
Morocco,MAR,2021,1.86891
Morocco,MAR,2022,1.74483
Mozambique,MOZ,2011,0.34901
Mozambique,MOZ,2013,0.28407
Mozambique,MOZ,2014,0.36969
Mozambique,MOZ,2016,0.38059
Mozambique,MOZ,2017,0.29405
Mozambique,MOZ,2018,0.35946
Myanmar,MMR,2007,0.01123
Myanmar,MMR,2011,0.00986
Myanmar,MMR,2012,0.01577
Myanmar,MMR,2018,0.04924
Namibia,NAM,2002,8.44062
Namibia,NAM,2003,8.70377
Namibia,NAM,2005,6.31726
Namibia,NAM,2006,1.43345
Namibia,NAM,2008,10.16898
Namibia,NAM,2014,8.75796
Namibia,NAM,2015,8.56113
Namibia,NAM,2016,7.06472
Namibia,NAM,2017,6.1057
Namibia,NAM,2018,4.76118
Namibia,NAM,2019,4.68384
Namibia,NAM,2020,3.24352
Nauru,NRU,1998,0
Nauru,NRU,1999,0
Nauru,NRU,2000,0
Nauru,NRU,2001,0
Nauru,NRU,2002,0
Nauru,NRU,2003,0
Nauru,NRU,2004,0
Nauru,NRU,2005,0
Nauru,NRU,2006,0
Nauru,NRU,2007,0
Nauru,NRU,2008,0
Nepal,NPL,2009,0.03284
Nepal,NPL,2011,0.02776
Netherlands,NLD,1999,2.89837
Netherlands,NLD,2000,2.87338
Netherlands,NLD,2001,3.29119
Netherlands,NLD,2002,3.65231
Netherlands,NLD,2003,3.89755
Netherlands,NLD,2004,4.81306
Netherlands,NLD,2005,4.67041
Netherlands,NLD,2006,4.66459
Netherlands,NLD,2007,4.65142
Netherlands,NLD,2008,4.98966
Netherlands,NLD,2009,3.82764
Netherlands,NLD,2010,4.29679
Netherlands,NLD,2011,4.91876
Netherlands,NLD,2012,7.24551
Netherlands,NLD,2015,10.22892
Netherlands,NLD,2016,10.74382
Netherlands,NLD,2017,10.99874
Netherlands,NLD,2018,11.69357
Netherlands,NLD,2020,13.32123
Netherlands,NLD,2021,13.72417
New Zealand,NZL,2013,16.11515
New Zealand,NZL,2014,18.74357
New Zealand,NZL,2015,21.13901
New Zealand,NZL,2016,19.83942
New Zealand,NZL,2017,19.6089
New Zealand,NZL,2018,19.68004
New Zealand,NZL,2019,20.76879
New Zealand,NZL,2020,17.48543
New Zealand,NZL,2021,11.97675
Niger,NER,2004,1.55003
Niger,NER,2007,1.8861
Niger,NER,2009,6.41571
Niger,NER,2010,6.58049
Niger,NER,2011,6.60192
Niger,NER,2012,5.42639
Niger,NER,2015,3.86531
Niger,NER,2016,4.48533
Niger,NER,2017,4.31912
Niger,NER,2018,5.18066
Niger,NER,2019,5.40695
Niue,NIU,1998,0
Niue,NIU,1999,0
Niue,NIU,2000,0
Niue,NIU,2001,0
Niue,NIU,2002,0
Niue,NIU,2003,0
Niue,NIU,2004,0
Niue,NIU,2005,0
Niue,NIU,2006,0
Niue,NIU,2007,0
Niue,NIU,2008,0
Niue,NIU,2016,0
North America (WB),,1997,3.01782
North America (WB),,1998,3.17025
North America (WB),,1999,3.23177
North America (WB),,2000,3.32656
North America (WB),,2001,3.36545
North America (WB),,2002,3.4026
North America (WB),,2003,3.47634
North America (WB),,2004,3.55262
North America (WB),,2005,3.61299
North America (WB),,2006,3.6765
North America (WB),,2007,3.85909
North America (WB),,2008,3.89847
North America (WB),,2009,3.93235
North America (WB),,2010,4.02314
North America (WB),,2011,4.10248
North America (WB),,2012,4.20967
North America (WB),,2013,4.34677
North America (WB),,2014,4.73182
North America (WB),,2015,5.11463
North America (WB),,2016,5.55991
North America (WB),,2017,5.78964
North America (WB),,2018,5.89307
North America (WB),,2019,6.11305
North America (WB),,2020,6.23743
North America (WB),,2021,5.74104
North Korea,PRK,2009,0.08092
North Macedonia,MKD,1999,0.79394
North Macedonia,MKD,2000,0.65002
North Macedonia,MKD,2001,0.42489
North Macedonia,MKD,2002,0.30195
North Macedonia,MKD,2003,0.24768
North Macedonia,MKD,2004,0.3152
North Macedonia,MKD,2005,0.55101
North Macedonia,MKD,2006,0.38662
North Macedonia,MKD,2007,1.51893
North Macedonia,MKD,2008,2.04262
North Macedonia,MKD,2009,2.19479
North Macedonia,MKD,2012,2.16684
North Macedonia,MKD,2013,2.16044
North Macedonia,MKD,2014,2.83629
North Macedonia,MKD,2015,3.4937
North Macedonia,MKD,2017,4.72125
North Macedonia,MKD,2018,5.15056
North Macedonia,MKD,2019,5.19009
North Macedonia,MKD,2020,5.00882
North Macedonia,MKD,2021,7.42893
North Macedonia,MKD,2022,8.39008
Northern Africa and Western Asia (SDG),,1998,2.73163
Northern Africa and Western Asia (SDG),,1999,2.50481
Northern Africa and Western Asia (SDG),,2000,2.364
Northern Africa and Western Asia (SDG),,2001,2.29562
Northern Africa and Western Asia (SDG),,2002,2.21622
Northern Africa and Western Asia (SDG),,2003,2.11088
Northern Africa and Western Asia (SDG),,2004,2.04778
Northern Africa and Western Asia (SDG),,2005,1.94829
Northern Africa and Western Asia (SDG),,2006,1.94743
Northern Africa and Western Asia (SDG),,2007,2.00136
Northern Africa and Western Asia (SDG),,2008,2.09737
Northern Africa and Western Asia (SDG),,2009,2.15363
Northern Africa and Western Asia (SDG),,2010,2.15207
Northern Africa and Western Asia (SDG),,2011,2.23908
Northern Africa and Western Asia (SDG),,2012,2.23005
Northern Africa and Western Asia (SDG),,2013,2.34442
Northern Africa and Western Asia (SDG),,2014,2.32774
Northern Africa and Western Asia (SDG),,2015,2.45808
Northern Africa and Western Asia (SDG),,2016,2.54733
Northern Africa and Western Asia (SDG),,2017,2.76341
Northern Africa and Western Asia (SDG),,2018,2.97908
Northern Africa and Western Asia (SDG),,2019,3.26815
Northern Africa and Western Asia (SDG),,2020,3.27502
Northern Africa and Western Asia (SDG),,2021,3.50184
Norway,NOR,1998,4.54471
Norway,NOR,1999,4.80259
Norway,NOR,2000,4.55581
Norway,NOR,2001,4.64815
Norway,NOR,2002,4.82331
Norway,NOR,2003,5.20728
Norway,NOR,2004,5.79485
Norway,NOR,2005,6.26344
Norway,NOR,2006,6.65872
Norway,NOR,2007,7.25619
Norway,NOR,2008,7.57222
Norway,NOR,2009,7.98378
Norway,NOR,2010,7.00337
Norway,NOR,2011,7.23765
Norway,NOR,2012,7.74649
Norway,NOR,2013,3.61528
Norway,NOR,2014,3.49726
Norway,NOR,2015,3.62784
Norway,NOR,2016,3.92144
Norway,NOR,2017,3.1527
Norway,NOR,2018,4.23081
Norway,NOR,2019,4.27566
Norway,NOR,2020,4.38269
Norway,NOR,2021,4.17212
Oceania (excluding Australia and New Zealand) (SDG),,1997,16.8531
Oceania (excluding Australia and New Zealand) (SDG),,1998,18.58797
Oceania (excluding Australia and New Zealand) (SDG),,1999,17.73041
Oman,OMN,2006,0.37529
Oman,OMN,2007,0.26808
Oman,OMN,2008,2.19247
Oman,OMN,2009,1.89923
Oman,OMN,2010,2.28918
Oman,OMN,2011,2.36243
Oman,OMN,2013,2.44346
Oman,OMN,2014,2.62724
Oman,OMN,2015,2.81298
Oman,OMN,2016,2.94506
Oman,OMN,2017,2.50971
Oman,OMN,2018,2.72548
Oman,OMN,2019,2.83931
Oman,OMN,2020,2.88002
Oman,OMN,2021,3.0847
Pakistan,PAK,2003,0.09699
Palau,PLW,2001,2.29167
Palestine,PSE,1999,4.17911
Palestine,PSE,2000,1.09118
Palestine,PSE,2001,0.46931
Palestine,PSE,2004,0
Palestine,PSE,2007,0
Palestine,PSE,2008,0
Palestine,PSE,2009,0
Palestine,PSE,2010,0
Palestine,PSE,2011,0
Palestine,PSE,2012,0
Palestine,PSE,2013,0
Palestine,PSE,2014,0
Palestine,PSE,2015,0
Palestine,PSE,2016,0
Palestine,PSE,2017,0
Palestine,PSE,2018,0
Palestine,PSE,2019,0
Palestine,PSE,2020,0
Palestine,PSE,2021,0
Palestine,PSE,2022,0
Panama,PAN,2020,3.08103
Panama,PAN,2021,2.65166
Papua New Guinea,PNG,1998,3.22548
Philippines,PHL,1999,0.1591
Philippines,PHL,2001,0.09552
Philippines,PHL,2002,0.10574
Philippines,PHL,2003,0.19545
Philippines,PHL,2004,0.14436
Philippines,PHL,2005,0.20128
Philippines,PHL,2006,0.20676
Philippines,PHL,2008,0.10051
Poland,POL,1998,0.46973
Poland,POL,1999,0.40691
Poland,POL,2000,0.38726
Poland,POL,2001,0.37516
Poland,POL,2002,0.38714
Poland,POL,2003,0.38359
Poland,POL,2004,0.3971
Poland,POL,2005,0.48086
Poland,POL,2006,0.52967
Poland,POL,2007,0.6065
Poland,POL,2008,0.69091
Poland,POL,2009,0.78958
Poland,POL,2010,0.85429
Poland,POL,2011,0.99556
Poland,POL,2012,1.17202
Poland,POL,2013,1.45933
Poland,POL,2014,1.96659
Poland,POL,2015,2.64144
Poland,POL,2016,3.42043
Poland,POL,2017,4.12365
Poland,POL,2018,3.64084
Poland,POL,2019,3.85686
Poland,POL,2020,4.46692
Poland,POL,2021,5.48732
Poland,POL,2022,6.71804
Portugal,PRT,2015,5.00375
Portugal,PRT,2017,6.39665
Portugal,PRT,2018,7.89079
Portugal,PRT,2019,9.71126
Portugal,PRT,2020,11.57311
Portugal,PRT,2021,11.65882
Qatar,QAT,2001,20.70953
Qatar,QAT,2002,21.00626
Qatar,QAT,2003,20.86634
Qatar,QAT,2004,12.59826
Qatar,QAT,2005,24.51799
Qatar,QAT,2008,36.2216
Qatar,QAT,2009,36.53392
Qatar,QAT,2010,39.13043
Qatar,QAT,2011,40.30745
Qatar,QAT,2012,41.43403
Qatar,QAT,2013,40.70902
Qatar,QAT,2014,39.90497
Qatar,QAT,2015,37.71262
Qatar,QAT,2016,37.87921
Qatar,QAT,2017,35.27832
Qatar,QAT,2018,34.20162
Qatar,QAT,2019,35.29378
Qatar,QAT,2020,37.4522
Qatar,QAT,2021,37.5662
Qatar,QAT,2022,38.51743
Romania,ROU,1999,3.25689
Romania,ROU,2000,2.7818
Romania,ROU,2001,2.18868
Romania,ROU,2002,1.82199
Romania,ROU,2003,1.51108
Romania,ROU,2004,1.5292
Romania,ROU,2005,1.46344
Romania,ROU,2006,1.02842
Romania,ROU,2007,1.01091
Romania,ROU,2008,1.31144
Romania,ROU,2009,0.94446
Romania,ROU,2010,1.34654
Romania,ROU,2011,1.8438
Romania,ROU,2012,2.44126
Romania,ROU,2013,3.48795
Romania,ROU,2014,4.07098
Romania,ROU,2015,4.25974
Romania,ROU,2016,4.82495
Romania,ROU,2017,5.17508
Romania,ROU,2018,5.40241
Romania,ROU,2019,5.6757
Romania,ROU,2020,5.99302
Romania,ROU,2021,6.02598
Russia,RUS,2000,0.65089
Russia,RUS,2001,0.89434
Russia,RUS,2002,0.88805
Russia,RUS,2003,0.79842
Russia,RUS,2004,0.88062
Russia,RUS,2005,1.00464
Russia,RUS,2006,0.84472
Russia,RUS,2007,0.64339
Russia,RUS,2008,1.44807
Russia,RUS,2009,1.39002
Russia,RUS,2011,1.91746
Russia,RUS,2012,2.17493
Russia,RUS,2014,3.04967
Russia,RUS,2015,3.43472
Russia,RUS,2016,3.94274
Russia,RUS,2017,4.25808
Russia,RUS,2018,4.54407
Russia,RUS,2019,4.96532
Russia,RUS,2020,11.27199
Russia,RUS,2021,8.10771
Russia,RUS,2022,8.48786
Rwanda,RWA,1999,1.14477
Rwanda,RWA,2001,0.71864
Rwanda,RWA,2012,0.76356
Rwanda,RWA,2013,0.95565
Rwanda,RWA,2014,0.9276
Rwanda,RWA,2015,0.96844
Rwanda,RWA,2016,0.72576
Rwanda,RWA,2017,1.72954
Rwanda,RWA,2018,4.03101
Rwanda,RWA,2019,3.63798
Rwanda,RWA,2020,4.20247
Rwanda,RWA,2022,4.5346
Saint Kitts and Nevis,KNA,2001,0
Saint Kitts and Nevis,KNA,2002,0
Saint Kitts and Nevis,KNA,2003,0
Saint Kitts and Nevis,KNA,2004,0
Saint Kitts and Nevis,KNA,2005,0
Saint Kitts and Nevis,KNA,2006,0
Saint Kitts and Nevis,KNA,2007,0
Saint Kitts and Nevis,KNA,2008,0
Saint Kitts and Nevis,KNA,2014,73.23366
Saint Lucia,LCA,2004,0
Saint Lucia,LCA,2006,5.71253
Saint Lucia,LCA,2007,6.53686
Saint Lucia,LCA,2008,9.08033
Saint Lucia,LCA,2009,7.36767
Saint Lucia,LCA,2010,16.77648
Saint Lucia,LCA,2011,11.2934
Saint Lucia,LCA,2012,19.31075
Saint Lucia,LCA,2013,16.53747
Saint Lucia,LCA,2014,22.79152
Saint Lucia,LCA,2015,19.40459
Saint Lucia,LCA,2016,24.47244
Saint Lucia,LCA,2017,14.743
Saint Lucia,LCA,2018,12.60617
Saint Lucia,LCA,2019,18.35443
Saint Lucia,LCA,2020,13.93914
Saint Lucia,LCA,2022,3.70203
Saint Vincent and the Grenadines,VCT,1999,0
Saint Vincent and the Grenadines,VCT,2000,0
Saint Vincent and the Grenadines,VCT,2001,0
Saint Vincent and the Grenadines,VCT,2002,0
Saint Vincent and the Grenadines,VCT,2003,0
Saint Vincent and the Grenadines,VCT,2004,0
Saint Vincent and the Grenadines,VCT,2018,0
Samoa,WSM,1998,7.4224
Samoa,WSM,1999,5.29129
Samoa,WSM,2000,11.16751
Samoa,WSM,2017,2.66385
Samoa,WSM,2018,3.55731
Samoa,WSM,2019,5.84362
Samoa,WSM,2020,2.48674
Samoa,WSM,2021,4.03546
Samoa,WSM,2022,5.01393
San Marino,SMR,2018,91.06901
San Marino,SMR,2019,87.92497
San Marino,SMR,2020,88.4778
San Marino,SMR,2021,85.41872
San Marino,SMR,2022,85.56594
Sao Tome and Principe,STP,1998,0
Sao Tome and Principe,STP,1999,0
Sao Tome and Principe,STP,2000,0
Sao Tome and Principe,STP,2001,0
Sao Tome and Principe,STP,2002,0
Sao Tome and Principe,STP,2003,0
Sao Tome and Principe,STP,2004,0
Sao Tome and Principe,STP,2005,0
Sao Tome and Principe,STP,2007,0
Sao Tome and Principe,STP,2008,0
Saudi Arabia,SAU,1999,1.63813
Saudi Arabia,SAU,2000,1.8711
Saudi Arabia,SAU,2003,4.07257
Saudi Arabia,SAU,2004,2.12599
Saudi Arabia,SAU,2005,2.15297
Saudi Arabia,SAU,2006,2.15054
Saudi Arabia,SAU,2007,2.62688
Saudi Arabia,SAU,2008,2.61933
Saudi Arabia,SAU,2009,2.62692
Saudi Arabia,SAU,2010,2.97388
Saudi Arabia,SAU,2011,3.41941
Saudi Arabia,SAU,2012,3.86117
Saudi Arabia,SAU,2013,4.58078
Saudi Arabia,SAU,2014,4.79532
Saudi Arabia,SAU,2015,4.78325
Saudi Arabia,SAU,2016,4.92184
Saudi Arabia,SAU,2017,4.6608
Saudi Arabia,SAU,2018,4.5651
Saudi Arabia,SAU,2019,4.4291
Saudi Arabia,SAU,2020,4.30581
Saudi Arabia,SAU,2021,4.03091
Saudi Arabia,SAU,2022,4.12679
Senegal,SEN,1999,4.41934
Senegal,SEN,2011,6.92739
Senegal,SEN,2012,11.60808
Senegal,SEN,2013,13.83742
Senegal,SEN,2014,14.69561
Senegal,SEN,2015,15.79402
Senegal,SEN,2016,8.1208
Senegal,SEN,2017,8.32293
Senegal,SEN,2018,7.80889
Senegal,SEN,2019,7.59655
Senegal,SEN,2020,7.04645
Senegal,SEN,2021,6.2826
Senegal,SEN,2022,6.01582
Serbia,SRB,2007,2.9274
Serbia,SRB,2008,4.73868
Serbia,SRB,2009,4.41129
Serbia,SRB,2010,4.18173
Serbia,SRB,2011,3.60651
Serbia,SRB,2012,3.8552
Serbia,SRB,2013,3.73726
Serbia,SRB,2014,3.67061
Serbia,SRB,2015,4.12563
Serbia,SRB,2016,4.25622
Serbia,SRB,2017,4.43481
Serbia,SRB,2018,4.43491
Serbia,SRB,2019,4.60622
Serbia,SRB,2020,4.71922
Serbia,SRB,2021,4.51288
Serbia,SRB,2022,4.61033
Seychelles,SYC,1998,0
Seychelles,SYC,1999,0
Seychelles,SYC,2000,0
Seychelles,SYC,2001,0
Seychelles,SYC,2002,0
Seychelles,SYC,2003,0
Seychelles,SYC,2005,0
Seychelles,SYC,2006,0
Seychelles,SYC,2008,0
Seychelles,SYC,2009,0
Seychelles,SYC,2010,0
Seychelles,SYC,2011,0
Seychelles,SYC,2012,0
Seychelles,SYC,2013,0
Seychelles,SYC,2014,0
Seychelles,SYC,2015,0
Seychelles,SYC,2016,0
Seychelles,SYC,2017,0
Seychelles,SYC,2018,0
Seychelles,SYC,2019,0
Seychelles,SYC,2020,0
Seychelles,SYC,2021,0
Seychelles,SYC,2022,0
Singapore,SGP,2008,20.33942
Singapore,SGP,2009,22.78
Singapore,SGP,2010,20.2266
Singapore,SGP,2011,21.74497
Singapore,SGP,2012,19.16522
Sint Maarten (Dutch part),SXM,2012,38.28571
Sint Maarten (Dutch part),SXM,2014,43.25843
Sint Maarten (Dutch part),SXM,2015,36.08247
Sint Maarten (Dutch part),SXM,2017,3.9823
Slovakia,SVK,2000,1.15514
Slovakia,SVK,2001,1.17435
Slovakia,SVK,2002,1.07963
Slovakia,SVK,2003,1.04435
Slovakia,SVK,2004,0.94008
Slovakia,SVK,2005,0.88579
Slovakia,SVK,2006,0.81488
Slovakia,SVK,2007,0.87221
Slovakia,SVK,2008,2.26471
Slovakia,SVK,2009,2.68557
Slovakia,SVK,2010,3.38811
Slovakia,SVK,2011,3.86558
Slovakia,SVK,2012,4.09489
Slovakia,SVK,2013,4.85962
Slovakia,SVK,2014,5.61374
Slovakia,SVK,2015,5.89837
Slovakia,SVK,2016,6.02104
Slovakia,SVK,2017,6.89788
Slovakia,SVK,2018,8.02855
Slovakia,SVK,2019,9.04062
Slovakia,SVK,2020,10.29861
Slovakia,SVK,2021,10.97225
Slovakia,SVK,2022,11.90564
Slovenia,SVN,1999,0.82653
Slovenia,SVN,2000,0.92822
Slovenia,SVN,2001,0.94432
Slovenia,SVN,2002,0.95853
Slovenia,SVN,2003,0.94916
Slovenia,SVN,2004,0.85061
Slovenia,SVN,2005,0.96946
Slovenia,SVN,2006,0.94866
Slovenia,SVN,2007,1.03067
Slovenia,SVN,2008,1.17892
Slovenia,SVN,2009,1.77549
Slovenia,SVN,2010,1.6836
Slovenia,SVN,2011,1.84442
Slovenia,SVN,2012,2.26628
Slovenia,SVN,2013,2.62318
Slovenia,SVN,2014,2.74657
Slovenia,SVN,2015,2.74949
Slovenia,SVN,2016,3.31073
Slovenia,SVN,2017,3.8845
Slovenia,SVN,2018,4.4686
Slovenia,SVN,2019,6.67316
Slovenia,SVN,2020,7.78595
Slovenia,SVN,2021,9.19897
Slovenia,SVN,2022,9.45848
Solomon Islands,SLB,1999,0
Solomon Islands,SLB,2000,0
Solomon Islands,SLB,2001,0
Solomon Islands,SLB,2002,0
Solomon Islands,SLB,2003,0
Solomon Islands,SLB,2004,0
Solomon Islands,SLB,2005,0
Solomon Islands,SLB,2006,0
Solomon Islands,SLB,2007,0
Solomon Islands,SLB,2008,0
South Africa,ZAF,2012,4.19401
South Africa,ZAF,2013,4.08954
South Africa,ZAF,2014,4.18186
South Africa,ZAF,2015,4.12091
South Africa,ZAF,2016,4.28452
South Africa,ZAF,2017,4.06212
South Africa,ZAF,2018,3.58899
South Africa,ZAF,2019,3.47196
South Africa,ZAF,2020,3.04421
South Africa,ZAF,2021,2.92272
South Asia (WB),,1999,0.08658
South Asia (WB),,2000,0.07677
South Asia (WB),,2001,0.0796
South Asia (WB),,2002,0.07747
South Asia (WB),,2003,0.06992
South Asia (WB),,2004,0.06757
South Asia (WB),,2005,0.09321
South Asia (WB),,2006,0.09355
South Asia (WB),,2007,0.09696
South Asia (WB),,2008,0.10156
South Asia (WB),,2009,0.10922
South Asia (WB),,2010,0.10967
South Asia (WB),,2011,0.09738
South Asia (WB),,2012,0.09299
South Asia (WB),,2013,0.11326
South Asia (WB),,2014,0.11949
South Asia (WB),,2015,0.12128
South Asia (WB),,2016,0.12782
South Asia (WB),,2017,0.12919
South Asia (WB),,2018,0.12346
South Asia (WB),,2019,0.12101
South Asia (WB),,2020,0.12138
South Asia (WB),,2021,0.11123
South Korea,KOR,1998,0.09627
South Korea,KOR,1999,0.1011
South Korea,KOR,2000,0.1123
South Korea,KOR,2001,0.12301
South Korea,KOR,2002,0.15439
South Korea,KOR,2003,0.24331
South Korea,KOR,2004,0.33421
South Korea,KOR,2005,0.48274
South Korea,KOR,2006,0.69475
South Korea,KOR,2007,0.99555
South Korea,KOR,2008,1.25837
South Korea,KOR,2009,1.55411
South Korea,KOR,2010,1.81049
South Korea,KOR,2011,1.86754
South Korea,KOR,2012,1.77178
South Korea,KOR,2013,1.66163
South Korea,KOR,2014,1.58066
South Korea,KOR,2015,1.66886
South Korea,KOR,2016,1.93138
South Korea,KOR,2017,2.25724
South Korea,KOR,2018,2.7482
South Korea,KOR,2019,3.2563
South Korea,KOR,2020,3.72612
South Korea,KOR,2021,4.07548
South Korea,KOR,2022,4.36246
Spain,ESP,1999,1.84433
Spain,ESP,2000,2.22467
Spain,ESP,2001,2.17853
Spain,ESP,2002,2.44767
Spain,ESP,2003,2.9142
Spain,ESP,2004,0.81798
Spain,ESP,2005,0.97687
Spain,ESP,2006,1.01752
Spain,ESP,2007,1.81609
Spain,ESP,2008,2.11823
Spain,ESP,2009,2.69414
Spain,ESP,2010,2.98131
Spain,ESP,2011,3.21131
Spain,ESP,2012,2.83641
Spain,ESP,2013,2.86182
Spain,ESP,2016,2.53146
Spain,ESP,2017,3.2299
Spain,ESP,2018,3.45604
Spain,ESP,2019,3.69783
Spain,ESP,2020,3.83479
Spain,ESP,2021,3.57628
Sri Lanka,LKA,2011,0.17953
Sri Lanka,LKA,2012,0.13818
Sri Lanka,LKA,2013,0.27403
Sri Lanka,LKA,2014,0.29568
Sri Lanka,LKA,2015,0.32013
Sri Lanka,LKA,2016,0.43615
Sri Lanka,LKA,2017,0.45199
Sri Lanka,LKA,2018,0.4395
Sri Lanka,LKA,2019,0.46921
Sri Lanka,LKA,2020,0.38669
Sri Lanka,LKA,2021,0.35569
Sri Lanka,LKA,2022,0.39092
Sub-Saharan Africa (SDG),,1998,3.04003
Sub-Saharan Africa (SDG),,1999,3.71801
Sub-Saharan Africa (SDG),,2004,2.69774
Sub-Saharan Africa (SDG),,2005,2.50543
Sub-Saharan Africa (SDG),,2006,2.48427
Sub-Saharan Africa (SDG),,2007,2.50339
Sub-Saharan Africa (SDG),,2008,2.5522
Sub-Saharan Africa (SDG),,2009,2.33885
Sub-Saharan Africa (SDG),,2010,2.3802
Sub-Saharan Africa (SDG),,2011,2.40261
Sub-Saharan Africa (SDG),,2012,2.12678
Sub-Saharan Africa (SDG),,2013,2.14198
Sub-Saharan Africa (SDG),,2014,2.14833
Sub-Saharan Africa (SDG),,2015,2.16742
Sub-Saharan Africa (SDG),,2016,2.03197
Sub-Saharan Africa (SDG),,2017,1.98452
Sub-Saharan Africa (SDG),,2018,1.96423
Sub-Saharan Africa (SDG),,2019,1.9028
Sub-Saharan Africa (SDG),,2020,1.73915
Sub-Saharan Africa (SDG),,2021,1.73349
Sub-Saharan Africa (WB),,2007,2.29344
Sub-Saharan Africa (WB),,2008,2.32841
Sub-Saharan Africa (WB),,2009,2.14184
Sub-Saharan Africa (WB),,2010,2.18755
Sub-Saharan Africa (WB),,2011,2.22048
Sub-Saharan Africa (WB),,2012,1.96821
Sub-Saharan Africa (WB),,2013,1.9681
Sub-Saharan Africa (WB),,2014,1.9834
Sub-Saharan Africa (WB),,2015,2.00194
Sub-Saharan Africa (WB),,2016,1.87733
Sub-Saharan Africa (WB),,2017,1.835
Sub-Saharan Africa (WB),,2018,1.81696
Sub-Saharan Africa (WB),,2019,1.76368
Sub-Saharan Africa (WB),,2020,1.61705
Sub-Saharan Africa (WB),,2021,1.61065
Suriname,SUR,2021,0
Sweden,SWE,1999,7.28447
Sweden,SWE,2000,7.36513
Sweden,SWE,2001,7.34708
Sweden,SWE,2002,7.48699
Sweden,SWE,2003,7.83033
Sweden,SWE,2004,4.01585
Sweden,SWE,2005,4.67891
Sweden,SWE,2006,5.04361
Sweden,SWE,2007,5.35037
Sweden,SWE,2008,5.5675
Sweden,SWE,2009,6.39879
Sweden,SWE,2010,6.93017
Sweden,SWE,2011,7.8791
Sweden,SWE,2012,6.31529
Sweden,SWE,2013,5.82612
Sweden,SWE,2014,5.90554
Sweden,SWE,2015,6.22368
Sweden,SWE,2016,6.57668
Sweden,SWE,2017,6.74252
Sweden,SWE,2018,7.17108
Sweden,SWE,2019,7.15165
Sweden,SWE,2020,7.04267
Sweden,SWE,2021,6.64057
Sweden,SWE,2022,7.00408
Switzerland,CHE,1999,16.15065
Switzerland,CHE,2000,16.57519
Switzerland,CHE,2001,16.99485
Switzerland,CHE,2002,17.22727
Switzerland,CHE,2003,17.663
Switzerland,CHE,2004,18.22176
Switzerland,CHE,2005,18.424
Switzerland,CHE,2006,17.89277
Switzerland,CHE,2007,17.97975
Switzerland,CHE,2008,14.12489
Switzerland,CHE,2009,14.92454
Switzerland,CHE,2010,15.36163
Switzerland,CHE,2011,16.22183
Switzerland,CHE,2012,16.49572
Switzerland,CHE,2013,16.84654
Switzerland,CHE,2014,17.10329
Switzerland,CHE,2015,17.18152
Switzerland,CHE,2016,17.58807
Switzerland,CHE,2017,17.75276
Switzerland,CHE,2018,17.69527
Switzerland,CHE,2019,17.7987
Switzerland,CHE,2020,18.14267
Switzerland,CHE,2021,18.43131
Switzerland,CHE,2022,19.1284
Tajikistan,TJK,1999,5.20199
Tajikistan,TJK,2000,4.6053
Tajikistan,TJK,2001,2.48087
Tajikistan,TJK,2002,3.58729
Tajikistan,TJK,2003,1.80111
Tajikistan,TJK,2004,1.60654
Tajikistan,TJK,2005,0.67236
Tajikistan,TJK,2006,0.64491
Tajikistan,TJK,2007,1.57418
Tajikistan,TJK,2008,1.58425
Tajikistan,TJK,2009,1.67755
Tajikistan,TJK,2010,1.72716
Tajikistan,TJK,2011,1.81853
Tajikistan,TJK,2012,1.60042
Tajikistan,TJK,2013,0.85574
Tajikistan,TJK,2014,0.55362
Tajikistan,TJK,2015,0.8302
Tajikistan,TJK,2016,0.63215
Tajikistan,TJK,2017,0.84317
Tanzania,TZA,2003,1.2754
Tanzania,TZA,2004,0.64031
Thailand,THA,1999,0.10374
Thailand,THA,2001,0.11967
Thailand,THA,2002,0.18985
Thailand,THA,2004,0.18521
Thailand,THA,2005,0.18371
Thailand,THA,2006,0.23951
Thailand,THA,2007,0.34087
Thailand,THA,2008,0.44917
Thailand,THA,2009,0.67684
Thailand,THA,2010,0.78514
Thailand,THA,2011,0.80706
Thailand,THA,2012,0.8356
Thailand,THA,2016,1.30961
Thailand,THA,2020,1.23936
Thailand,THA,2022,1.35277
Thailand,THA,2023,1.44458
Togo,TGO,2007,1.41222
Tokelau,TKL,1998,0
Tokelau,TKL,1999,0
Tokelau,TKL,2000,0
Tokelau,TKL,2001,0
Tokelau,TKL,2002,0
Tokelau,TKL,2003,0
Tokelau,TKL,2004,0
Tokelau,TKL,2005,0
Tokelau,TKL,2006,0
Tokelau,TKL,2007,0
Tokelau,TKL,2008,0
Tokelau,TKL,2020,0
Tonga,TON,2020,0.91349
Trinidad and Tobago,TTO,1999,13.25938
Trinidad and Tobago,TTO,2000,16.31123
Trinidad and Tobago,TTO,2001,14.05851
Trinidad and Tobago,TTO,2002,10.1778
Trinidad and Tobago,TTO,2004,5.78473
Tunisia,TUN,1999,1.75284
Tunisia,TUN,2000,1.53074
Tunisia,TUN,2001,1.22235
Tunisia,TUN,2002,1.09737
Tunisia,TUN,2003,0.83175
Tunisia,TUN,2004,0.77337
Tunisia,TUN,2008,0.69497
Tunisia,TUN,2009,0.65138
Tunisia,TUN,2010,0.59531
Tunisia,TUN,2011,0.56143
Tunisia,TUN,2012,0.53191
Tunisia,TUN,2013,1.84829
Tunisia,TUN,2015,1.99675
Tunisia,TUN,2016,2.11691
Tunisia,TUN,2017,2.25723
Tunisia,TUN,2018,2.21662
Tunisia,TUN,2020,3.09438
Tunisia,TUN,2022,2.89277
Turkey,TUR,1998,1.3239
Turkey,TUR,1999,1.25189
Turkey,TUR,2001,1.03622
Turkey,TUR,2002,0.9731
Turkey,TUR,2003,0.66349
Turkey,TUR,2004,0.7755
Turkey,TUR,2005,0.86244
Turkey,TUR,2006,0.81433
Turkey,TUR,2007,0.78483
Turkey,TUR,2008,0.79834
Turkey,TUR,2009,0.74883
Turkey,TUR,2010,0.73209
Turkey,TUR,2011,0.81523
Turkey,TUR,2012,0.8864
Turkey,TUR,2013,1.09305
Turkey,TUR,2014,0.88045
Turkey,TUR,2015,1.19049
Turkey,TUR,2016,1.31411
Turkey,TUR,2017,1.50127
Turkey,TUR,2018,1.65518
Turkey,TUR,2019,1.98711
Turkey,TUR,2020,2.32003
Turkey,TUR,2021,2.7057
Turkmenistan,TKM,2014,0.1959
Turkmenistan,TKM,2019,0.26559
Turkmenistan,TKM,2020,0.21412
Turkmenistan,TKM,2021,0.15539
Turkmenistan,TKM,2022,0.07781
Turks and Caicos Islands,TCA,2008,0
Turks and Caicos Islands,TCA,2022,41.30926
Tuvalu,TUV,1998,0
Tuvalu,TUV,1999,0
Tuvalu,TUV,2000,0
Tuvalu,TUV,2001,0
Tuvalu,TUV,2002,0
Tuvalu,TUV,2003,0
Tuvalu,TUV,2004,0
Tuvalu,TUV,2005,0
Tuvalu,TUV,2006,0
Tuvalu,TUV,2007,0
Tuvalu,TUV,2008,0
Tuvalu,TUV,2009,0
Uganda,UGA,2011,10.73262
Ukraine,UKR,1999,1.05423
Ukraine,UKR,2001,0.66026
Ukraine,UKR,2002,0.80621
Ukraine,UKR,2003,0.7913
Ukraine,UKR,2004,0.63373
Ukraine,UKR,2005,0.8929
Ukraine,UKR,2006,0.97152
Ukraine,UKR,2007,1.05042
Ukraine,UKR,2008,1.14383
Ukraine,UKR,2009,1.27845
Ukraine,UKR,2010,1.42975
Ukraine,UKR,2011,1.51102
Ukraine,UKR,2012,1.82389
Ukraine,UKR,2013,2.25273
Ukraine,UKR,2014,2.79759
Ukraine,UKR,2015,3.24194
Ukraine,UKR,2016,3.20431
Ukraine,UKR,2017,3.1649
Ukraine,UKR,2018,3.07388
Ukraine,UKR,2019,3.45495
Ukraine,UKR,2020,3.99623
Ukraine,UKR,2021,4.90321
United Arab Emirates,ARE,2011,42.81026
United Arab Emirates,ARE,2012,44.5316
United Arab Emirates,ARE,2013,44.62923
United Arab Emirates,ARE,2014,44.81966
United Arab Emirates,ARE,2015,46.89585
United Arab Emirates,ARE,2016,48.55001
United Arab Emirates,ARE,2019,76.22435
United Arab Emirates,ARE,2020,72.97513
United Kingdom,GBR,1998,10.81054
United Kingdom,GBR,1999,11.17465
United Kingdom,GBR,2000,11.01387
United Kingdom,GBR,2001,10.91843
United Kingdom,GBR,2002,10.14304
United Kingdom,GBR,2003,11.1561
United Kingdom,GBR,2004,13.35101
United Kingdom,GBR,2005,13.91883
United Kingdom,GBR,2006,14.12938
United Kingdom,GBR,2007,14.87505
United Kingdom,GBR,2008,14.67233
United Kingdom,GBR,2009,15.27677
United Kingdom,GBR,2010,15.72921
United Kingdom,GBR,2011,16.84985
United Kingdom,GBR,2012,17.13637
United Kingdom,GBR,2013,17.46263
United Kingdom,GBR,2014,18.22084
United Kingdom,GBR,2015,18.48803
United Kingdom,GBR,2016,18.09595
United Kingdom,GBR,2017,17.91753
United Kingdom,GBR,2018,18.32441
United Kingdom,GBR,2019,18.67706
United Kingdom,GBR,2020,20.14796
United Kingdom,GBR,2021,20.0604
United Kingdom,GBR,2022,21.57227
United States,USA,1998,3.24289
United States,USA,1999,3.28218
United States,USA,2005,3.4949
United States,USA,2013,3.92751
United States,USA,2014,4.27601
United States,USA,2015,4.64501
United States,USA,2016,5.03627
United States,USA,2017,5.17971
United States,USA,2018,5.21231
United States,USA,2019,5.18887
United States,USA,2020,5.10463
United States,USA,2021,4.58827
United States,USA,2022,4.89121
United States Virgin Islands,VIR,2007,0
Upper-middle income countries,,1999,0.77207
Upper-middle income countries,,2000,0.78171
Upper-middle income countries,,2001,0.75052
Upper-middle income countries,,2002,0.74035
Upper-middle income countries,,2003,0.67364
Upper-middle income countries,,2004,0.6382
Upper-middle income countries,,2005,0.64375
Upper-middle income countries,,2006,0.60515
Upper-middle income countries,,2007,0.6207
Upper-middle income countries,,2008,0.77354
Upper-middle income countries,,2009,0.77993
Upper-middle income countries,,2010,0.81996
Upper-middle income countries,,2011,0.85465
Upper-middle income countries,,2012,0.82041
Upper-middle income countries,,2013,0.88202
Upper-middle income countries,,2014,0.86349
Upper-middle income countries,,2015,0.91754
Upper-middle income countries,,2016,0.97995
Upper-middle income countries,,2017,1.0233
Upper-middle income countries,,2018,1.05156
Upper-middle income countries,,2019,1.12796
Upper-middle income countries,,2020,1.1702
Upper-middle income countries,,2021,1.16023
Uruguay,URY,2020,2.14326
Uruguay,URY,2021,2.33586
Uzbekistan,UZB,2006,0.0527
Uzbekistan,UZB,2007,0.08595
Uzbekistan,UZB,2008,0.10434
Uzbekistan,UZB,2009,0.12667
Uzbekistan,UZB,2010,0.14972
Uzbekistan,UZB,2011,0.13625
Uzbekistan,UZB,2012,0.18521
Uzbekistan,UZB,2013,0.22073
Uzbekistan,UZB,2014,0.26262
Uzbekistan,UZB,2015,0.29043
Uzbekistan,UZB,2016,0.27251
Uzbekistan,UZB,2017,0.21425
Uzbekistan,UZB,2018,0.23362
Uzbekistan,UZB,2021,0.73478
Venezuela,VEN,2002,0.02253
Venezuela,VEN,2004,0.23548
Venezuela,VEN,2008,0.09069
Vietnam,VNM,1999,0.06283
Vietnam,VNM,2000,0.08495
Vietnam,VNM,2001,0.08822
Vietnam,VNM,2002,0.11929
Vietnam,VNM,2003,0.12635
Vietnam,VNM,2005,0.15156
Vietnam,VNM,2007,0.20345
Vietnam,VNM,2008,0.20316
Vietnam,VNM,2009,0.2371
Vietnam,VNM,2010,0.16135
Vietnam,VNM,2011,0.16672
Vietnam,VNM,2012,0.17672
Vietnam,VNM,2013,0.16035
Vietnam,VNM,2014,0.09435
Vietnam,VNM,2015,0.11651
Vietnam,VNM,2016,0.24374
Vietnam,VNM,2019,0.36872
Vietnam,VNM,2021,0.31527
Vietnam,VNM,2022,0.26756
World,OWID_WRL,1997,2.27234
World,OWID_WRL,1998,2.1912
World,OWID_WRL,1999,2.13978
World,OWID_WRL,2000,2.08065
World,OWID_WRL,2001,2.04049
World,OWID_WRL,2002,2.05582
World,OWID_WRL,2003,2.0833
World,OWID_WRL,2004,2.01083
World,OWID_WRL,2005,2.00634
World,OWID_WRL,2006,1.97486
World,OWID_WRL,2007,2.0078
World,OWID_WRL,2008,2.03917
World,OWID_WRL,2009,2.06822
World,OWID_WRL,2010,2.10269
World,OWID_WRL,2011,2.10766
World,OWID_WRL,2012,2.07641
World,OWID_WRL,2013,2.12416
World,OWID_WRL,2014,2.12303
World,OWID_WRL,2015,2.20373
World,OWID_WRL,2016,2.31633
World,OWID_WRL,2017,2.42469
World,OWID_WRL,2018,2.53437
World,OWID_WRL,2019,2.63402
World,OWID_WRL,2020,2.67224
World,OWID_WRL,2021,2.58036
Yemen,YEM,2007,2.71045
Yemen,YEM,2011,4.2591
Zimbabwe,ZWE,2010,0.93435
Zimbabwe,ZWE,2011,0.69465
Zimbabwe,ZWE,2012,0.37442
Zimbabwe,ZWE,2015,0.4669